cliente,nro_factura,importe,fecha_emision,fecha_vencimiento,contacto_email
Logística Navarro S.L.,FV-2024-0187,"12.400,00",2024-06-01,2024-07-01,admin@loginavarro.es
Grupo Alcaraz Consulting,FV-2024-0193,"8.750,00",2024-06-10,2024-07-10,contabilidad@grupoalcaraz.com
Distribuciones Mares S.A.,FV-2024-0201,"23.100,00",2024-05-15,2024-06-15,pagos@dismares.es
Tecnosoluciones Iberia,FV-2024-0205,"5.200,00",2024-07-01,2024-08-01,admin@tecnosoluciones.es
Construcciones Puente Alto,FV-2024-0210,"31.500,00",2024-04-20,2024-05-20,financiero@puentealto.com
Asesoría Ramírez & Hijos,FV-2024-0215,"4.800,00",2024-06-25,2024-07-25,araminez@asesoria-rh.es
Importaciones del Levante,FV-2024-0218,"15.600,00",2024-05-05,2024-06-05,contabilidad@importlevante.com
Servicios Integrales Dalton,FV-2024-0222,"9.300,00",2024-07-10,2024-08-10,admin@daltonservicios.es
Metalúrgica Hernández,FV-2024-0225,"18.900,00",2024-03-15,2024-04-15,pagos@metalhernandez.com
Clínica Dental Sonrisa,FV-2024-0228,"6.100,00",2024-06-20,2024-07-20,gerencia@clinicasonrisa.es
Formación Élite Profesional,FV-2024-0231,"3.500,00",2024-07-05,2024-08-05,admin@formacionelite.com
Papelería Industrial Norte,FV-2024-0234,"11.200,00",2024-05-25,2024-06-25,cuentas@papelnorte.es
