cliente,facturacion_anual_eur,saldo_pendiente_eur,dso_dias,facturas_vencidas,importe_vencido_eur
Grupo Constructor Sur,480000,121000,92,18,89000
Ferreterías Unidas S.L.,520000,42800,30,1,3200
Instalaciones Pérez Hnos.,310000,50900,60,4,12000
Reformas Mediterráneo,145000,19800,50,2,5400
Distribuciones García,390000,53600,50,3,8900
Talleres Mecánicos Roca,175000,14400,30,0,0
Almacenes del Sureste,285000,39100,50,3,7800
Promociones Alicante 2020,260000,58500,82,9,38000
Electro Instalaciones JM,198000,27200,50,2,6100
Carpintería Industrial Norte,135000,11100,30,0,0
Fontanería Express S.L.,92000,7600,30,0,0
Grupo Inmobiliario Costa,410000,97800,87,14,62000
Suministros Técnicos Elche,165000,13600,30,1,2200
Obras y Reformas Vega Baja,205000,39000,69,6,18000
Climatización Levante,148000,12200,30,1,1800
Materiales Gómez e Hijos,88000,7200,30,0,0
Proyectos Integrales MUR,320000,72000,82,11,45000
Mantenimientos Industriales SA,110000,9000,30,0,0
Pinturas y Acabados López,72000,5900,30,0,0
Cerrajería Hermanos Díaz,65000,5300,30,0,0
Red de Ferreterías Sol,230000,25300,40,2,4500
Construcciones Hernández,195000,40900,77,7,22000
Grupo Logístico Albatera,142000,11700,30,1,1900
Electricidad Total S.L.,118000,9700,30,0,0
AgroSuministros Murcia,95000,7800,30,0,0
