cuenta,descripcion,debe,haber,saldo
100,Capital social,0,300000,-300000
112,Reserva legal,0,60000,-60000
113,Reservas voluntarias,0,95000,-95000
129,Resultado del ejercicio,0,142000,-142000
170,Deudas LP entidades credito,0,420000,-420000
175,Efectos a pagar LP,0,85000,-85000
200,Investigacion y desarrollo,45000,0,45000
211,Construcciones,380000,0,380000
213,Maquinaria,520000,0,520000
214,Utillaje,75000,0,75000
216,Mobiliario,32000,0,32000
217,Equipos informaticos,28000,0,28000
218,Elementos de transporte,95000,0,95000
281,Amort acum construcciones,0,114000,-114000
282,Amort acum maquinaria,0,208000,-208000
283,Amort acum utillaje,0,30000,-30000
300,Mercaderias,185000,0,185000
310,Materias primas,92000,0,92000
400,Proveedores,0,310000,-310000
410,Acreedores prestaciones servicios,0,45000,-45000
430,Clientes,425000,0,425000
431,Clientes efectos a cobrar,68000,0,68000
436,Clientes dudoso cobro,35000,0,35000
440,Deudores varios,12000,0,12000
470,HP deudora IVA,18000,0,18000
475,HP acreedora IVA,0,42000,-42000
476,Org SS acreedora,0,28000,-28000
520,Deudas CP entidades credito,0,180000,-180000
523,Proveedores inmovilizado CP,0,35000,-35000
527,Intereses CP deudas,0,8000,-8000
570,Caja,3500,0,3500
572,Bancos,145000,0,145000
600,Compras mercaderias,1250000,0,1250000
602,Compras materias primas,680000,0,680000
621,Arrendamientos,96000,0,96000
622,Reparaciones y conservacion,45000,0,45000
623,Servicios profesionales,38000,0,38000
625,Primas seguros,24000,0,24000
626,Servicios bancarios,8500,0,8500
627,Publicidad,15000,0,15000
628,Suministros,62000,0,62000
629,Otros servicios,18000,0,18000
630,Impuesto beneficios,47300,0,47300
631,Otros tributos,12000,0,12000
640,Sueldos y salarios,580000,0,580000
642,Seguridad social empresa,174000,0,174000
650,Perdidas creditos incobrables,22000,0,22000
662,Intereses deudas,32000,0,32000
681,Amort inmovilizado material,89000,0,89000
700,Ventas mercaderias,0,1850000,-1850000
701,Ventas productos terminados,0,1420000,-1420000
705,Prestacion servicios,0,95000,-95000
740,Subvenciones explotacion,0,18000,-18000
769,Otros ingresos financieros,0,2500,-2500
