materia_prima,unidad,precio_unitario_actual,precio_mes_anterior
Tomate triturado,kg,1.28,1.12
Aceite oliva virgen,L,8.40,8.15
Aceite girasol,L,2.10,2.05
Cebolla,kg,0.85,0.82
Sal,kg,0.35,0.35
Azúcar,kg,0.92,0.90
Pectina,kg,18.50,18.50
Pimiento rojo,kg,1.75,1.65
Pimiento verde,kg,1.45,1.40
Vinagre,L,1.20,1.20
Aceituna negra,kg,3.80,3.70
Salmuera,L,0.45,0.45
Pepino,kg,0.95,0.90
Berenjena,kg,1.60,1.55
Ajo,kg,4.20,4.10
Pan duro,kg,0.60,0.60
Envase vidrio 370ml,ud,0.18,0.18
Envase vidrio 720ml,ud,0.28,0.28
Botella PET 750ml,ud,0.12,0.12
Tapa metálica,ud,0.06,0.06
Tapón,ud,0.04,0.04
Etiqueta,ud,0.03,0.03
