ref,fecha,tipo,cantidad
SILICONA-SANIT-300,2026-09-13,salida,16
TORNILLERIA-BRIDA,2026-09-13,salida,48
HIDRANTE-COL-DN80,2026-09-13,entrada,25
COLECT-SUELO-RAD,2026-09-12,salida,29
BOCA-RIEGO-3/4,2026-09-12,salida,38
ELECTROBOMBA-1CV,2026-09-11,salida,14
SIFON-BOTELLA-40,2026-09-10,salida,20
AISLAM-COQUILLA-22,2026-09-10,salida,10
GOTERO-AUTOCOMP,2026-09-10,salida,9
ARQUETA-RIEGO-REC,2026-09-10,salida,22
TORNILLERIA-BRIDA,2026-09-10,salida,2
VALV-ESFERA-3/4,2026-09-09,entrada,5
VASO-EXP-24L,2026-09-09,entrada,39
VARIADOR-FREC-1.5,2026-09-09,salida,9
VALV-MARIPOSA-DN100,2026-09-09,salida,8
COLECT-SUELO-RAD,2026-09-08,salida,6
ELECTROBOMBA-1CV,2026-09-08,entrada,17
JUNTA-BRIDA-DN100,2026-09-08,salida,32
HIDRANTE-COL-DN80,2026-09-08,salida,14
ARQUETA-RIEGO-REC,2026-09-07,salida,27
JUNTA-BRIDA-DN100,2026-09-07,salida,21
JUNTA-BRIDA-DN100,2026-09-07,salida,45
JUNTA-BRIDA-DN100,2026-09-07,salida,3
COLECT-SUELO-RAD,2026-09-06,salida,18
PANEL-SOLAR-2M2,2026-09-06,salida,6
VASO-EXP-24L,2026-09-06,salida,35
PURG-AUTO-LATON,2026-09-06,salida,16
PROGRAMADOR-RIEGO,2026-09-06,salida,13
COLECT-SUELO-RAD,2026-09-05,entrada,19
SILICONA-SANIT-300,2026-09-05,salida,5
TUBO-COBRE-22-50M,2026-09-05,salida,22
GOTERO-AUTOCOMP,2026-09-05,salida,35
TUBERIA-PE-25-100M,2026-09-05,salida,12
AISLAM-COQUILLA-22,2026-09-04,salida,5
SILICONA-SANIT-300,2026-09-04,salida,14
TUBO-COBRE-22-50M,2026-09-04,salida,21
RACOR-LATON-3/4,2026-09-03,salida,16
BOCA-RIEGO-3/4,2026-09-02,salida,17
BOCA-RIEGO-3/4,2026-09-02,salida,30
TUBERIA-FUND-DN150,2026-09-02,entrada,13
VALV-ESFERA-3/4,2026-09-01,salida,26
VASO-EXP-24L,2026-09-01,salida,40
ELECTROBOMBA-1CV,2026-09-01,salida,7
ARQUETA-RIEGO-REC,2026-08-31,entrada,23
COLECT-SUELO-RAD,2026-08-30,salida,21
PANEL-SOLAR-2M2,2026-08-30,salida,46
SILICONA-SANIT-300,2026-08-30,salida,7
ELECTROBOMBA-1CV,2026-08-30,salida,29
HIDRANTE-COL-DN80,2026-08-30,salida,37
RACOR-LATON-3/4,2026-08-29,salida,13
JUNTA-BRIDA-DN100,2026-08-29,salida,28
TUBERIA-FUND-DN150,2026-08-29,salida,29
CLORO-LIQUIDO-25L,2026-08-29,salida,42
COLECT-SUELO-RAD,2026-08-28,salida,19
BOCA-RIEGO-3/4,2026-08-28,salida,27
SONDA-NIVEL-10M,2026-08-28,salida,17
PROGRAMADOR-RIEGO,2026-08-27,entrada,43
VALV-ESFERA-3/4,2026-08-26,salida,38
PANEL-SOLAR-2M2,2026-08-26,salida,33
BOMBA-CIRC-25/6,2026-08-26,entrada,16
ELECTROBOMBA-1CV,2026-08-26,salida,45
VALV-ESFERA-3/4,2026-08-25,salida,15
SOLD-PLATA-2MM,2026-08-25,salida,27
HIDRANTE-COL-DN80,2026-08-25,entrada,4
TUBO-COBRE-22-50M,2026-08-24,entrada,3
RACOR-LATON-3/4,2026-08-23,salida,35
GRUPO-PRES-24L,2026-08-23,entrada,6
TUBO-COBRE-22-50M,2026-08-23,salida,46
SONDA-NIVEL-10M,2026-08-23,salida,35
TUBERIA-FUND-DN150,2026-08-23,salida,4
VALV-ESFERA-3/4,2026-08-22,entrada,22
GRIFO-MONO-CROMO,2026-08-22,salida,1
PURG-AUTO-LATON,2026-08-22,salida,30
SILICONA-SANIT-300,2026-08-22,salida,35
BOCA-RIEGO-3/4,2026-08-22,salida,29
TORNILLERIA-BRIDA,2026-08-22,salida,34
GRIFO-BIDET-LATON,2026-08-21,salida,31
COLECT-SUELO-RAD,2026-08-21,entrada,36
BOMBA-CIRC-25/6,2026-08-21,salida,4
VASO-EXP-24L,2026-08-21,entrada,20
PROGRAMADOR-RIEGO,2026-08-21,salida,48
TUBERIA-PE-25-100M,2026-08-21,entrada,44
SONDA-NIVEL-10M,2026-08-20,entrada,7
ELECTROVALV-1,2026-08-19,salida,32
TUBO-COBRE-22-50M,2026-08-19,salida,41
AISLAM-COQUILLA-22,2026-08-18,salida,39
SILICONA-SANIT-300,2026-08-18,salida,24
TUBO-COBRE-22-50M,2026-08-18,salida,11
PANEL-SOLAR-2M2,2026-08-17,salida,34
SILICONA-SANIT-300,2026-08-17,salida,33
JUNTA-BRIDA-DN100,2026-08-17,salida,32
CLORO-LIQUIDO-25L,2026-08-17,entrada,22
CLORO-LIQUIDO-25L,2026-08-17,salida,1
AISLAM-COQUILLA-22,2026-08-16,entrada,14
BOCA-RIEGO-3/4,2026-08-16,salida,33
DESAGUE-SIFON-PLATO,2026-08-15,salida,19
AISLAM-COQUILLA-22,2026-08-14,salida,43
BOCA-RIEGO-3/4,2026-08-14,entrada,31
GOTERO-AUTOCOMP,2026-08-14,salida,43
JUNTA-BRIDA-DN100,2026-08-14,salida,33
HIDRANTE-COL-DN80,2026-08-14,entrada,10
TUBO-COBRE-22-50M,2026-08-13,salida,34
SILICONA-SANIT-300,2026-08-12,salida,3
MANOMETRO-0-6BAR,2026-08-11,salida,18
DESAGUE-SIFON-PLATO,2026-08-10,salida,29
ELECTROBOMBA-1CV,2026-08-10,salida,3
VALV-ESFERA-3/4,2026-08-09,salida,24
TORNILLERIA-BRIDA,2026-08-09,salida,19
CALD-GAS-COND-28,2026-08-08,entrada,11
VALV-MARIPOSA-DN100,2026-08-08,salida,25
SIFON-BOTELLA-40,2026-08-07,salida,27
SOPLETE-FONTANERO,2026-08-07,salida,21
BOCA-RIEGO-3/4,2026-08-07,entrada,28
ARQUETA-RIEGO-REC,2026-08-07,entrada,18
BOMBA-CIRC-25/6,2026-08-06,salida,17
VASO-EXP-24L,2026-08-06,salida,49
SONDA-NIVEL-10M,2026-08-06,entrada,26
TUBERIA-FUND-DN150,2026-08-06,salida,9
SIFON-BOTELLA-40,2026-08-05,salida,16
DESAGUE-SIFON-PLATO,2026-08-05,entrada,40
DESAGUE-SIFON-PLATO,2026-08-05,salida,7
SOPLETE-FONTANERO,2026-08-05,salida,34
ARQUETA-RIEGO-REC,2026-08-05,salida,17
HIDRANTE-COL-DN80,2026-08-05,salida,23
VASO-EXP-24L,2026-08-04,salida,40
AISLAM-COQUILLA-22,2026-08-04,salida,20
SOPLETE-FONTANERO,2026-08-04,salida,43
TUBO-COBRE-22-50M,2026-08-04,salida,29
COLECT-SUELO-RAD,2026-08-03,salida,16
CALD-GAS-COND-28,2026-08-03,entrada,28
BOMBA-CIRC-25/6,2026-08-03,salida,44
PURG-AUTO-LATON,2026-08-03,salida,39
AISLAM-COQUILLA-22,2026-08-03,salida,29
DESAGUE-SIFON-PLATO,2026-08-03,salida,23
SILICONA-SANIT-300,2026-08-03,salida,15
TUBERIA-PE-25-100M,2026-08-03,entrada,6
SILICONA-SANIT-300,2026-08-02,salida,18
SONDA-NIVEL-10M,2026-08-02,entrada,49
VALV-MARIPOSA-DN100,2026-08-02,salida,43
JUNTA-BRIDA-DN100,2026-08-02,salida,6
DESAGUE-SIFON-PLATO,2026-08-01,salida,3
JUNTA-BRIDA-DN100,2026-08-01,salida,36
TUBERIA-FUND-DN150,2026-08-01,entrada,33
SOPLETE-FONTANERO,2026-07-31,entrada,20
ARQUETA-RIEGO-REC,2026-07-31,salida,28
VALV-MARIPOSA-DN100,2026-07-31,entrada,9
JUNTA-BRIDA-DN100,2026-07-31,salida,8
TUBERIA-FUND-DN150,2026-07-31,salida,25
PANEL-SOLAR-2M2,2026-07-30,salida,17
VALV-MARIPOSA-DN100,2026-07-30,entrada,7
HIDRANTE-COL-DN80,2026-07-30,salida,29
CALD-GAS-COND-28,2026-07-29,salida,44
BOMBA-CIRC-25/6,2026-07-29,salida,7
MANOMETRO-0-6BAR,2026-07-29,entrada,6
SILICONA-SANIT-300,2026-07-29,salida,29
TUBERIA-FUND-DN150,2026-07-29,salida,44
VALV-ESFERA-3/4,2026-07-28,salida,18
SONDA-NIVEL-10M,2026-07-28,salida,41
TUBERIA-FUND-DN150,2026-07-28,salida,8
CLORO-LIQUIDO-25L,2026-07-28,salida,39
TUBERIA-PE-25-100M,2026-07-27,entrada,15
VALV-MARIPOSA-DN100,2026-07-27,entrada,14
VASO-EXP-24L,2026-07-26,entrada,20
ELECTROVALV-1,2026-07-26,entrada,19
DEPOSITO-VERT-1000L,2026-07-26,salida,24
CLORO-LIQUIDO-25L,2026-07-26,entrada,26
CLORO-LIQUIDO-25L,2026-07-26,entrada,14
COLECT-SUELO-RAD,2026-07-25,salida,41
VASO-EXP-24L,2026-07-25,salida,40
PURG-AUTO-LATON,2026-07-25,salida,35
HIDRANTE-COL-DN80,2026-07-24,salida,20
VALV-ESFERA-3/4,2026-07-23,salida,50
DESAGUE-SIFON-PLATO,2026-07-23,salida,17
DESAGUE-SIFON-PLATO,2026-07-23,salida,46
ELECTROBOMBA-1CV,2026-07-23,salida,24
JUNTA-BRIDA-DN100,2026-07-23,entrada,15
VALV-ESFERA-3/4,2026-07-22,salida,17
SIFON-BOTELLA-40,2026-07-21,salida,15
VASO-EXP-24L,2026-07-21,salida,25
TUBERIA-PE-25-100M,2026-07-21,entrada,34
ARQUETA-RIEGO-REC,2026-07-21,entrada,1
ARQUETA-RIEGO-REC,2026-07-21,salida,20
TUBERIA-FUND-DN150,2026-07-21,salida,29
AISLAM-COQUILLA-22,2026-07-20,salida,36
TUBO-COBRE-22-50M,2026-07-20,salida,16
SILICONA-SANIT-300,2026-07-19,salida,39
HIDRANTE-COL-DN80,2026-07-19,salida,5
BOCA-RIEGO-3/4,2026-07-18,entrada,43
RACOR-LATON-3/4,2026-07-17,salida,30
PURG-AUTO-LATON,2026-07-17,entrada,31
AISLAM-COQUILLA-22,2026-07-17,salida,2
SOPLETE-FONTANERO,2026-07-17,entrada,48
ELECTROBOMBA-1CV,2026-07-17,salida,38
ELECTROBOMBA-1CV,2026-07-17,salida,43
ELECTROBOMBA-1CV,2026-07-17,salida,23
SONDA-NIVEL-10M,2026-07-17,salida,50
VALV-ESFERA-3/4,2026-07-16,entrada,48
VALV-ESFERA-3/4,2026-07-16,salida,12
ELECTROBOMBA-1CV,2026-07-16,salida,23
PANEL-SOLAR-2M2,2026-07-15,salida,32
FLUX-DECAPANTE-100,2026-07-15,salida,20
LIJA-FONTANERO-KIT,2026-07-15,salida,24
PROGRAMADOR-RIEGO,2026-07-15,salida,16
SONDA-NIVEL-10M,2026-07-15,salida,14
COLECT-SUELO-RAD,2026-07-14,salida,21
COLECT-SUELO-RAD,2026-07-14,salida,13
TUBERIA-FUND-DN150,2026-07-14,salida,50
PURG-AUTO-LATON,2026-07-13,salida,6
AISLAM-COQUILLA-22,2026-07-13,salida,23
SILICONA-SANIT-300,2026-07-13,entrada,16
TUBERIA-FUND-DN150,2026-07-13,entrada,4
GRIFO-MONO-CROMO,2026-07-12,salida,33
CALD-GAS-COND-28,2026-07-12,salida,45
VASO-EXP-24L,2026-07-12,salida,24
SONDA-NIVEL-10M,2026-07-12,salida,29
JUNTA-BRIDA-DN100,2026-07-12,salida,23
RACOR-LATON-3/4,2026-07-11,salida,43
PURG-AUTO-LATON,2026-07-11,salida,34
SOPLETE-FONTANERO,2026-07-11,entrada,16
VALV-ESFERA-3/4,2026-07-10,entrada,20
BOCA-RIEGO-3/4,2026-07-10,salida,1
VALV-ESFERA-3/4,2026-07-09,salida,11
AISLAM-COQUILLA-22,2026-07-09,salida,35
CONTA-AGUA-DN20,2026-07-09,salida,33
VASO-EXP-24L,2026-07-08,salida,34
BOCA-RIEGO-3/4,2026-07-08,salida,30
SONDA-NIVEL-10M,2026-07-08,salida,10
JUNTA-BRIDA-DN100,2026-07-08,salida,37
LIJA-FONTANERO-KIT,2026-07-07,salida,10
VALV-MARIPOSA-DN100,2026-07-07,salida,5
TUBERIA-FUND-DN150,2026-07-07,salida,5
SOPLETE-FONTANERO,2026-07-06,entrada,29
AISLAM-COQUILLA-22,2026-07-05,salida,19
SILICONA-SANIT-300,2026-07-05,entrada,19
TUBO-COBRE-22-50M,2026-07-05,salida,31
TUBO-COBRE-22-50M,2026-07-05,entrada,36
VARIADOR-FREC-1.5,2026-07-05,salida,28
VALV-MARIPOSA-DN100,2026-07-05,salida,50
TUBERIA-FUND-DN150,2026-07-05,salida,13
FLUX-DECAPANTE-100,2026-07-04,salida,21
PROGRAMADOR-RIEGO,2026-07-04,salida,12
ARQUETA-RIEGO-REC,2026-07-04,entrada,33
VARIADOR-FREC-1.5,2026-07-04,salida,21
AISLAM-COQUILLA-22,2026-07-03,entrada,6
SONDA-NIVEL-10M,2026-07-03,salida,41
HIDRANTE-COL-DN80,2026-07-03,salida,48
PANEL-SOLAR-2M2,2026-07-02,salida,42
SILICONA-SANIT-300,2026-07-02,salida,28
SOPLETE-FONTANERO,2026-07-02,salida,3
TUBO-COBRE-22-50M,2026-07-02,salida,39
PROGRAMADOR-RIEGO,2026-07-02,salida,4
PURG-AUTO-LATON,2026-07-01,salida,35
PROGRAMADOR-RIEGO,2026-07-01,entrada,17
PURG-AUTO-LATON,2026-06-30,entrada,18
COLECT-SUELO-RAD,2026-06-29,salida,6
CALD-GAS-COND-28,2026-06-29,salida,10
SILICONA-SANIT-300,2026-06-29,salida,8
PROGRAMADOR-RIEGO,2026-06-29,salida,25
TUBERIA-PE-25-100M,2026-06-29,salida,13
JUNTA-BRIDA-DN100,2026-06-29,salida,3
TUBERIA-FUND-DN150,2026-06-29,entrada,40
SIFON-BOTELLA-40,2026-06-28,salida,25
DESAGUE-SIFON-PLATO,2026-06-28,entrada,29
VALV-MARIPOSA-DN100,2026-06-28,salida,40
DESAGUE-SIFON-PLATO,2026-06-27,entrada,12
SOPLETE-FONTANERO,2026-06-27,salida,24
PROGRAMADOR-RIEGO,2026-06-27,salida,22
ARQUETA-RIEGO-REC,2026-06-27,salida,46
VALV-ESFERA-3/4,2026-06-26,salida,11
VASO-EXP-24L,2026-06-26,salida,42
AISLAM-COQUILLA-22,2026-06-26,salida,49
AISLAM-COQUILLA-22,2026-06-25,salida,20
SOPLETE-FONTANERO,2026-06-25,salida,24
CONTA-AGUA-DN20,2026-06-25,salida,27
TUBO-COBRE-22-50M,2026-06-25,salida,42
JUNTA-BRIDA-DN100,2026-06-25,salida,50
VALV-ESFERA-3/4,2026-06-24,entrada,25
PANEL-SOLAR-2M2,2026-06-24,salida,36
ELECTROVALV-1,2026-06-24,salida,37
ELECTROVALV-1,2026-06-24,salida,33
VALV-MARIPOSA-DN100,2026-06-24,salida,6
CLORO-LIQUIDO-25L,2026-06-23,entrada,36
RACOR-LATON-3/4,2026-06-22,salida,7
SIFON-BOTELLA-40,2026-06-21,salida,9
GRUPO-PRES-24L,2026-06-21,salida,21
ELECTROBOMBA-1CV,2026-06-21,salida,34
CLORO-LIQUIDO-25L,2026-06-21,salida,11
BOMBA-CIRC-25/6,2026-06-20,salida,2
ARQUETA-RIEGO-REC,2026-06-20,salida,18
VARIADOR-FREC-1.5,2026-06-20,salida,19
GRIFO-BIDET-LATON,2026-06-19,entrada,19
DESAGUE-SIFON-PLATO,2026-06-19,entrada,33
PROGRAMADOR-RIEGO,2026-06-19,salida,11
TUBERIA-FUND-DN150,2026-06-19,salida,47
TUBERIA-PE-25-100M,2026-06-18,entrada,32
CLORO-LIQUIDO-25L,2026-06-18,salida,6
COLECT-SUELO-RAD,2026-06-17,entrada,11
SOPLETE-FONTANERO,2026-06-17,salida,6
TUBO-COBRE-22-50M,2026-06-17,salida,35
HIDRANTE-COL-DN80,2026-06-17,salida,16
ACUM-ACS-150L,2026-06-16,salida,34
PURG-AUTO-LATON,2026-06-16,salida,4
ELECTROBOMBA-1CV,2026-06-16,salida,22
VALV-ESFERA-3/4,2026-06-15,salida,2
SIFON-BOTELLA-40,2026-06-15,salida,4
COLECT-SUELO-RAD,2026-06-15,salida,40
SOLD-PLATA-2MM,2026-06-15,entrada,26
HIDRANTE-COL-DN80,2026-06-15,entrada,45
VALV-ESFERA-3/4,2026-06-14,salida,27
ACUM-ACS-150L,2026-06-13,salida,41
VASO-EXP-24L,2026-06-13,salida,12
AISLAM-COQUILLA-22,2026-06-13,salida,45
DESAGUE-SIFON-PLATO,2026-06-13,salida,47
BOCA-RIEGO-3/4,2026-06-13,salida,50
COLECT-SUELO-RAD,2026-06-12,salida,14
COLECT-SUELO-RAD,2026-06-11,entrada,17
PROGRAMADOR-RIEGO,2026-06-11,salida,16
ELECTROBOMBA-1CV,2026-06-11,salida,41
SOPLETE-FONTANERO,2026-06-10,salida,45
SOPLETE-FONTANERO,2026-06-10,salida,34
FLUX-DECAPANTE-100,2026-06-10,entrada,48
VARIADOR-FREC-1.5,2026-06-10,salida,41
PROGRAMADOR-RIEGO,2026-06-09,salida,31
HIDRANTE-COL-DN80,2026-06-09,salida,35
PANEL-SOLAR-2M2,2026-06-08,salida,5
PROGRAMADOR-RIEGO,2026-06-08,entrada,18
GRIFO-BIDET-LATON,2026-06-07,salida,43
SOLD-PLATA-2MM,2026-06-07,entrada,22
COLECT-SUELO-RAD,2026-06-06,salida,15
SILICONA-SANIT-300,2026-06-06,salida,44
VARIADOR-FREC-1.5,2026-06-06,salida,36
TORNILLERIA-BRIDA,2026-06-05,salida,10
GRIFO-BIDET-LATON,2026-06-04,salida,2
RACOR-LATON-3/4,2026-06-04,entrada,38
VASO-EXP-24L,2026-06-04,salida,31
DESAGUE-SIFON-PLATO,2026-06-04,salida,39
VALV-ESFERA-3/4,2026-06-03,salida,23
SILICONA-SANIT-300,2026-06-03,salida,17
SILICONA-SANIT-300,2026-06-03,entrada,21
SOPLETE-FONTANERO,2026-06-03,salida,16
TUBO-COBRE-22-50M,2026-06-03,salida,21
SONDA-NIVEL-10M,2026-06-02,salida,42
SIFON-BOTELLA-40,2026-05-31,salida,25
BOCA-RIEGO-3/4,2026-05-31,entrada,7
ELECTROBOMBA-1CV,2026-05-31,salida,23
SONDA-NIVEL-10M,2026-05-31,entrada,37
CLORO-LIQUIDO-25L,2026-05-31,salida,27
TUBO-COBRE-22-50M,2026-05-30,salida,43
TUBO-COBRE-22-50M,2026-05-30,salida,21
PROGRAMADOR-RIEGO,2026-05-30,salida,20
TUBERIA-FUND-DN150,2026-05-30,salida,20
VALV-ESFERA-3/4,2026-05-29,salida,43
DESCALCIF-25L,2026-05-29,salida,40
SIFON-BOTELLA-40,2026-05-28,salida,21
COLECT-SUELO-RAD,2026-05-28,salida,43
TUBERIA-PE-25-100M,2026-05-28,salida,18
GRIFO-BIDET-LATON,2026-05-27,salida,48
SIFON-BOTELLA-40,2026-05-27,entrada,27
COLECT-SUELO-RAD,2026-05-26,salida,18
PURG-AUTO-LATON,2026-05-26,salida,22
ELECTROVALV-1,2026-05-26,salida,4
GOTERO-AUTOCOMP,2026-05-25,salida,24
SONDA-NIVEL-10M,2026-05-25,salida,7
SIFON-BOTELLA-40,2026-05-24,salida,28
AISLAM-COQUILLA-22,2026-05-24,salida,39
SONDA-NIVEL-10M,2026-05-24,salida,3
HIDRANTE-COL-DN80,2026-05-24,salida,23
COLECT-SUELO-RAD,2026-05-23,salida,45
VASO-EXP-24L,2026-05-23,entrada,41
ELECTROBOMBA-1CV,2026-05-23,salida,29
TUBERIA-FUND-DN150,2026-05-23,salida,13
HIDRANTE-COL-DN80,2026-05-23,entrada,32
PANEL-SOLAR-2M2,2026-05-21,entrada,30
VASO-EXP-24L,2026-05-21,salida,36
DESAGUE-SIFON-PLATO,2026-05-21,salida,10
PROGRAMADOR-RIEGO,2026-05-21,salida,46
TUBERIA-PE-25-100M,2026-05-21,salida,44
ARQUETA-RIEGO-REC,2026-05-20,salida,36
VASO-EXP-24L,2026-05-19,salida,15
PROGRAMADOR-RIEGO,2026-05-19,salida,37
ELECTROBOMBA-1CV,2026-05-18,salida,41
COLECT-SUELO-RAD,2026-05-17,salida,41
TUBO-COBRE-22-50M,2026-05-17,entrada,7
BOCA-RIEGO-3/4,2026-05-17,salida,49
TORNILLERIA-BRIDA,2026-05-17,salida,41
HIDRANTE-COL-DN80,2026-05-17,salida,7
HIDRANTE-COL-DN80,2026-05-17,salida,2
GRIFO-BIDET-LATON,2026-05-16,salida,15
VASO-EXP-24L,2026-05-16,salida,25
FLUX-DECAPANTE-100,2026-05-16,entrada,43
SIFON-BOTELLA-40,2026-05-14,salida,29
PANEL-SOLAR-2M2,2026-05-14,salida,15
SILICONA-SANIT-300,2026-05-14,salida,31
PROGRAMADOR-RIEGO,2026-05-14,salida,50
JUNTA-BRIDA-DN100,2026-05-14,entrada,16
COLECT-SUELO-RAD,2026-05-13,salida,32
CONTA-AGUA-DN20,2026-05-13,salida,8
TUBERIA-PE-25-100M,2026-05-13,salida,44
COLECT-SUELO-RAD,2026-05-12,salida,43
PROGRAMADOR-RIEGO,2026-05-12,salida,14
ELECTROBOMBA-1CV,2026-05-12,salida,25
COLECT-SUELO-RAD,2026-05-11,entrada,18
PROGRAMADOR-RIEGO,2026-05-11,salida,36
SIFON-BOTELLA-40,2026-05-10,salida,50
DESAGUE-SIFON-PLATO,2026-05-10,salida,29
LIJA-FONTANERO-KIT,2026-05-10,entrada,34
ARQUETA-RIEGO-REC,2026-05-10,salida,39
JUNTA-BRIDA-DN100,2026-05-10,salida,42
HIDRANTE-COL-DN80,2026-05-10,salida,18
COLECT-SUELO-RAD,2026-05-09,entrada,36
FLUX-DECAPANTE-100,2026-05-09,entrada,17
ELECTROBOMBA-1CV,2026-05-09,salida,11
HIDRANTE-COL-DN80,2026-05-09,entrada,23
VASO-EXP-24L,2026-05-08,salida,20
VASO-EXP-24L,2026-05-08,salida,41
PURG-AUTO-LATON,2026-05-08,salida,8
GRUPO-PRES-24L,2026-05-08,salida,41
DESAGUE-SIFON-PLATO,2026-05-07,salida,22
ELECTROBOMBA-1CV,2026-05-07,salida,46
VASO-EXP-24L,2026-05-06,entrada,30
MANOMETRO-0-6BAR,2026-05-06,salida,10
VASO-EXP-24L,2026-05-05,salida,19
HIDRANTE-COL-DN80,2026-05-05,entrada,47
SIFON-BOTELLA-40,2026-05-03,salida,21
SOPLETE-FONTANERO,2026-05-03,salida,14
PROGRAMADOR-RIEGO,2026-05-03,salida,33
CLORO-LIQUIDO-25L,2026-05-03,entrada,5
JUNTA-BRIDA-DN100,2026-05-02,salida,3
VALV-ESFERA-3/4,2026-05-01,salida,23
PANEL-SOLAR-2M2,2026-04-30,salida,19
SOPLETE-FONTANERO,2026-04-30,entrada,47
CONTA-AGUA-DN20,2026-04-30,salida,16
FLUX-DECAPANTE-100,2026-04-30,salida,20
TUBERIA-PE-25-100M,2026-04-30,salida,6
ARQUETA-RIEGO-REC,2026-04-29,salida,18
SONDA-NIVEL-10M,2026-04-29,salida,19
JUNTA-BRIDA-DN100,2026-04-29,entrada,50
ARQUETA-RIEGO-REC,2026-04-28,entrada,9
TUBERIA-FUND-DN150,2026-04-28,salida,2
SIFON-BOTELLA-40,2026-04-27,salida,21
AISLAM-COQUILLA-22,2026-04-27,salida,49
ARQUETA-RIEGO-REC,2026-04-27,salida,32
JUNTA-BRIDA-DN100,2026-04-27,entrada,17
TUBO-COBRE-22-50M,2026-04-26,salida,8
SONDA-NIVEL-10M,2026-04-26,salida,35
TUBERIA-FUND-DN150,2026-04-26,salida,29
PANEL-SOLAR-2M2,2026-04-25,salida,22
BOCA-RIEGO-3/4,2026-04-25,salida,47
VALV-ESFERA-3/4,2026-04-24,salida,42
AISLAM-COQUILLA-22,2026-04-24,salida,28
TUBO-COBRE-22-50M,2026-04-24,salida,15
ELECTROBOMBA-1CV,2026-04-24,entrada,37
COLECT-SUELO-RAD,2026-04-23,salida,36
PURG-AUTO-LATON,2026-04-23,entrada,45
TUBERIA-PE-25-100M,2026-04-23,entrada,12
ELECTROBOMBA-1CV,2026-04-23,salida,24
TUBERIA-FUND-DN150,2026-04-23,entrada,31
VALV-ESFERA-3/4,2026-04-22,salida,46
PANEL-SOLAR-2M2,2026-04-22,salida,38
SILICONA-SANIT-300,2026-04-22,salida,33
PROGRAMADOR-RIEGO,2026-04-22,salida,30
CLORO-LIQUIDO-25L,2026-04-22,salida,16
VALV-ESFERA-3/4,2026-04-21,salida,29
SOLD-PLATA-2MM,2026-04-21,salida,42
GRIFO-BIDET-LATON,2026-04-20,salida,28
TUBO-COBRE-22-50M,2026-04-20,entrada,50
JUNTA-BRIDA-DN100,2026-04-20,salida,28
PANEL-SOLAR-2M2,2026-04-19,salida,49
VASO-EXP-24L,2026-04-19,salida,5
SILICONA-SANIT-300,2026-04-19,salida,20
SONDA-NIVEL-10M,2026-04-19,salida,50
SOLD-PLATA-2MM,2026-04-18,entrada,1
BOCA-RIEGO-3/4,2026-04-18,salida,47
COLECT-SUELO-RAD,2026-04-17,salida,41
PANEL-SOLAR-2M2,2026-04-17,salida,27
ELECTROBOMBA-1CV,2026-04-17,entrada,27
TUBERIA-FUND-DN150,2026-04-17,salida,21
BOMBA-CIRC-25/6,2026-04-16,salida,24
SILICONA-SANIT-300,2026-04-16,salida,3
SOPLETE-FONTANERO,2026-04-16,salida,7
CLORO-LIQUIDO-25L,2026-04-16,entrada,21
VASO-EXP-24L,2026-04-15,salida,2
VASO-EXP-24L,2026-04-15,salida,48
SOPLETE-FONTANERO,2026-04-15,salida,29
ELECTROBOMBA-1CV,2026-04-15,salida,6
TUBERIA-FUND-DN150,2026-04-15,salida,27
TUBO-COBRE-22-50M,2026-04-14,salida,46
SOLD-PLATA-2MM,2026-04-14,entrada,22
VASO-EXP-24L,2026-04-13,salida,45
BOCA-RIEGO-3/4,2026-04-13,salida,4
TUBERIA-PE-25-100M,2026-04-13,salida,37
TUBERIA-FUND-DN150,2026-04-13,salida,12
AISLAM-COQUILLA-22,2026-04-12,salida,50
DESCALCIF-25L,2026-04-12,salida,16
BOCA-RIEGO-3/4,2026-04-12,salida,43
JUNTA-BRIDA-DN100,2026-04-12,salida,34
CALD-GAS-COND-28,2026-04-11,salida,18
TUBERIA-FUND-DN150,2026-04-11,entrada,14
VALV-ESFERA-3/4,2026-04-10,salida,15
COLECT-SUELO-RAD,2026-04-10,salida,15
VARIADOR-FREC-1.5,2026-04-10,entrada,12
CALD-GAS-COND-28,2026-04-09,salida,29
ARQUETA-RIEGO-REC,2026-04-09,salida,24
TORNILLERIA-BRIDA,2026-04-09,entrada,14
HIDRANTE-COL-DN80,2026-04-09,salida,9
GRIFO-MONO-CROMO,2026-04-08,salida,21
AISLAM-COQUILLA-22,2026-04-08,salida,23
DESAGUE-SIFON-PLATO,2026-04-08,salida,9
DESAGUE-SIFON-PLATO,2026-04-08,salida,14
SILICONA-SANIT-300,2026-04-08,salida,35
HIDRANTE-COL-DN80,2026-04-08,salida,32
AISLAM-COQUILLA-22,2026-04-07,salida,7
ELECTROBOMBA-1CV,2026-04-07,salida,30
TORNILLERIA-BRIDA,2026-04-07,salida,6
VALV-ESFERA-3/4,2026-04-06,salida,17
GRIFO-MONO-CROMO,2026-04-06,salida,39
AISLAM-COQUILLA-22,2026-04-06,salida,37
ELECTROVALV-1,2026-04-06,salida,49
ELECTROBOMBA-1CV,2026-04-06,salida,26
VARIADOR-FREC-1.5,2026-04-06,entrada,16
VALV-MARIPOSA-DN100,2026-04-06,salida,20
VALV-ESFERA-3/4,2026-04-05,entrada,1
DESAGUE-SIFON-PLATO,2026-04-05,salida,29
TUBERIA-PE-25-100M,2026-04-05,entrada,14
HIDRANTE-COL-DN80,2026-04-04,salida,46
CONTA-AGUA-DN20,2026-04-03,salida,26
PROGRAMADOR-RIEGO,2026-04-03,salida,27
ELECTROBOMBA-1CV,2026-04-03,salida,48
JUNTA-BRIDA-DN100,2026-04-03,salida,5
TUBERIA-FUND-DN150,2026-04-03,salida,2
HIDRANTE-COL-DN80,2026-04-03,salida,41
ACUM-ACS-150L,2026-04-02,entrada,11
PANEL-SOLAR-2M2,2026-04-02,salida,45
ELECTROBOMBA-1CV,2026-04-02,salida,31
JUNTA-BRIDA-DN100,2026-04-02,salida,27
CALD-GAS-COND-28,2026-04-01,salida,2
PANEL-SOLAR-2M2,2026-04-01,entrada,50
HIDRANTE-COL-DN80,2026-04-01,salida,11
AISLAM-COQUILLA-22,2026-03-31,entrada,4
AISLAM-COQUILLA-22,2026-03-31,salida,40
ELECTROBOMBA-1CV,2026-03-31,salida,30
AISLAM-COQUILLA-22,2026-03-30,entrada,1
LIJA-FONTANERO-KIT,2026-03-30,salida,8
ARQUETA-RIEGO-REC,2026-03-30,entrada,41
SONDA-NIVEL-10M,2026-03-30,entrada,50
TUBERIA-FUND-DN150,2026-03-30,salida,6
VALV-ESFERA-3/4,2026-03-29,salida,5
ACUM-ACS-150L,2026-03-29,salida,45
DESAGUE-SIFON-PLATO,2026-03-29,entrada,36
DESAGUE-SIFON-PLATO,2026-03-29,salida,43
GRIFO-MONO-CROMO,2026-03-28,salida,43
SOPLETE-FONTANERO,2026-03-28,salida,8
PROGRAMADOR-RIEGO,2026-03-28,entrada,29
ARQUETA-RIEGO-REC,2026-03-28,salida,49
ELECTROBOMBA-1CV,2026-03-28,salida,7
HIDRANTE-COL-DN80,2026-03-28,salida,9
PANEL-SOLAR-2M2,2026-03-27,salida,30
PURG-AUTO-LATON,2026-03-27,salida,9
SIFON-BOTELLA-40,2026-03-25,salida,47
SIFON-BOTELLA-40,2026-03-25,salida,18
DESAGUE-SIFON-PLATO,2026-03-25,salida,39
TUBO-COBRE-22-50M,2026-03-25,salida,46
FLUX-DECAPANTE-100,2026-03-25,salida,37
SONDA-NIVEL-10M,2026-03-25,salida,37
BOMBA-CIRC-25/6,2026-03-24,salida,42
VASO-EXP-24L,2026-03-24,entrada,30
MANOMETRO-0-6BAR,2026-03-24,salida,26
AISLAM-COQUILLA-22,2026-03-24,salida,22
SILICONA-SANIT-300,2026-03-24,salida,50
TUBO-COBRE-22-50M,2026-03-24,salida,49
DESAGUE-SIFON-PLATO,2026-03-23,salida,13
CONTA-AGUA-DN20,2026-03-23,salida,21
ARQUETA-RIEGO-REC,2026-03-23,salida,50
HIDRANTE-COL-DN80,2026-03-23,salida,21
VALV-ESFERA-3/4,2026-03-22,salida,44
TUBO-COBRE-22-50M,2026-03-22,salida,44
ELECTROBOMBA-1CV,2026-03-22,entrada,44
CLORO-LIQUIDO-25L,2026-03-22,salida,25
SILICONA-SANIT-300,2026-03-21,salida,47
TUBO-COBRE-22-50M,2026-03-21,salida,19
BOCA-RIEGO-3/4,2026-03-21,entrada,35
SOPLETE-FONTANERO,2026-03-20,entrada,36
ARQUETA-RIEGO-REC,2026-03-20,entrada,7
JUNTA-BRIDA-DN100,2026-03-20,salida,11
ACUM-ACS-150L,2026-03-19,salida,22
DESAGUE-SIFON-PLATO,2026-03-19,salida,47
SILICONA-SANIT-300,2026-03-19,entrada,27
BOCA-RIEGO-3/4,2026-03-19,entrada,12
SONDA-NIVEL-10M,2026-03-19,entrada,29
SONDA-NIVEL-10M,2026-03-18,salida,39
VALV-MARIPOSA-DN100,2026-03-18,salida,41
SOPLETE-FONTANERO,2026-03-17,salida,18
COLECT-SUELO-RAD,2026-03-16,salida,22
TUBERIA-FUND-DN150,2026-03-16,salida,12
SOPLETE-FONTANERO,2026-03-15,entrada,42
TUBERIA-FUND-DN150,2026-03-14,salida,35
COLECT-SUELO-RAD,2026-03-13,salida,20
SILICONA-SANIT-300,2026-03-13,entrada,34
PANEL-SOLAR-2M2,2026-03-12,salida,41
DESAGUE-SIFON-PLATO,2026-03-12,entrada,24
VALV-ESFERA-3/4,2026-03-11,entrada,23
VASO-EXP-24L,2026-03-11,salida,6
DESAGUE-SIFON-PLATO,2026-03-11,salida,29
VASO-EXP-24L,2026-03-10,entrada,26
SOPLETE-FONTANERO,2026-03-10,salida,21
ELECTROVALV-1,2026-03-10,salida,24
RACOR-LATON-3/4,2026-03-09,salida,39
AISLAM-COQUILLA-22,2026-03-09,entrada,49
SOPLETE-FONTANERO,2026-03-09,salida,26
SONDA-NIVEL-10M,2026-03-09,salida,32
TORNILLERIA-BRIDA,2026-03-09,salida,19
TORNILLERIA-BRIDA,2026-03-09,salida,50
PURG-AUTO-LATON,2026-03-08,salida,29
PROGRAMADOR-RIEGO,2026-03-08,entrada,35
PROGRAMADOR-RIEGO,2026-03-08,salida,27
CLORO-LIQUIDO-25L,2026-03-08,salida,24
AISLAM-COQUILLA-22,2026-03-07,salida,36
DESAGUE-SIFON-PLATO,2026-03-07,salida,25
SOPLETE-FONTANERO,2026-03-07,salida,49
JUNTA-BRIDA-DN100,2026-03-07,salida,48
SILICONA-SANIT-300,2026-03-06,salida,25
TUBERIA-PE-25-100M,2026-03-06,salida,30
ELECTROBOMBA-1CV,2026-03-06,salida,30
VARIADOR-FREC-1.5,2026-03-06,salida,33
HIDRANTE-COL-DN80,2026-03-06,salida,38
DESAGUE-SIFON-PLATO,2026-03-05,salida,11
BOCA-RIEGO-3/4,2026-03-05,entrada,44
ARQUETA-RIEGO-REC,2026-03-05,salida,12
PROGRAMADOR-RIEGO,2026-03-04,entrada,5
GRIFO-BIDET-LATON,2026-03-03,salida,40
BOCA-RIEGO-3/4,2026-03-03,salida,16
ARQUETA-RIEGO-REC,2026-03-03,salida,9
VASO-EXP-24L,2026-03-02,salida,7
BOCA-RIEGO-3/4,2026-03-02,salida,25
TUBERIA-FUND-DN150,2026-03-02,salida,12
SOPLETE-FONTANERO,2026-03-01,entrada,39
ELECTROVALV-1,2026-03-01,salida,16
FLUX-DECAPANTE-100,2026-03-01,salida,29
DEPOSITO-VERT-1000L,2026-02-28,salida,49
JUNTA-BRIDA-DN100,2026-02-28,entrada,16
SILICONA-SANIT-300,2026-02-27,salida,17
SOPLETE-FONTANERO,2026-02-27,entrada,17
ARQUETA-RIEGO-REC,2026-02-27,entrada,47
ELECTROBOMBA-1CV,2026-02-27,salida,38
VARIADOR-FREC-1.5,2026-02-27,salida,39
SIFON-BOTELLA-40,2026-02-26,salida,35
ARQUETA-RIEGO-REC,2026-02-26,salida,24
JUNTA-BRIDA-DN100,2026-02-25,salida,42
ELECTROVALV-1,2026-02-24,salida,16
TUBO-COBRE-22-50M,2026-02-24,salida,38
TUBERIA-FUND-DN150,2026-02-24,salida,21
REDUCCION-110-50,2026-02-24,entrada,9
VALV-ESFERA-3/4,2026-02-23,salida,43
VALV-MARIPOSA-DN100,2026-02-23,salida,47
TUBERIA-FUND-DN150,2026-02-23,entrada,44
TUBERIA-FUND-DN150,2026-02-23,salida,2
PURG-AUTO-LATON,2026-02-22,salida,13
AISLAM-COQUILLA-22,2026-02-22,entrada,28
SOPLETE-FONTANERO,2026-02-22,salida,34
CLORO-LIQUIDO-25L,2026-02-22,salida,32
RESIST-TERMO-1500,2026-02-22,salida,3
CAUDALIMETRO-DN25,2026-02-22,entrada,5
SIFON-BOTELLA-40,2026-02-21,salida,10
COLECT-SUELO-RAD,2026-02-20,salida,5
DEPOSITO-VERT-1000L,2026-02-20,entrada,37
FLUX-DECAPANTE-100,2026-02-20,entrada,12
ELECTROBOMBA-1CV,2026-02-20,salida,35
TUBERIA-FUND-DN150,2026-02-20,salida,44
ANODO-MAGN-TERMO,2026-02-20,salida,2
GRIFO-MONO-CROMO,2026-02-19,salida,36
PANEL-SOLAR-2M2,2026-02-19,entrada,43
AISLAM-COQUILLA-22,2026-02-18,salida,19
LIJA-FONTANERO-KIT,2026-02-18,salida,45
TUBERIA-PE-25-100M,2026-02-18,salida,25
SIFON-BOTELLA-40,2026-02-17,salida,35
VASO-EXP-24L,2026-02-16,entrada,9
DESAGUE-SIFON-PLATO,2026-02-16,salida,44
PANEL-SOLAR-2M2,2026-02-15,entrada,21
SOPLETE-FONTANERO,2026-02-15,salida,37
SONDA-NIVEL-10M,2026-02-15,entrada,18
TUBO-COBRE-22-50M,2026-02-14,salida,46
TORNILLERIA-BRIDA,2026-02-14,salida,30
HIDRANTE-COL-DN80,2026-02-14,salida,25
VASO-EXP-24L,2026-02-13,salida,13
MANOMETRO-0-6BAR,2026-02-13,entrada,21
SONDA-NIVEL-10M,2026-02-13,salida,29
COLECT-SUELO-RAD,2026-02-12,salida,50
AISLAM-COQUILLA-22,2026-02-11,salida,22
SILICONA-SANIT-300,2026-02-11,salida,5
TUBO-COBRE-22-50M,2026-02-11,salida,27
BOCA-RIEGO-3/4,2026-02-11,entrada,16
BOMBA-SUM-ACHIQUE,2026-02-11,entrada,6
SIFON-BOTELLA-40,2026-02-10,salida,6
COLECT-SUELO-RAD,2026-02-10,salida,7
ARQUETA-RIEGO-REC,2026-02-10,salida,31
JUNTA-BRIDA-DN100,2026-02-10,salida,35
ELECTROBOMBA-1CV,2026-02-09,salida,5
VALV-MARIPOSA-DN100,2026-02-09,salida,31
SOPLETE-FONTANERO,2026-02-08,entrada,28
MANOMETRO-0-6BAR,2026-02-07,salida,43
CLORO-LIQUIDO-25L,2026-02-07,entrada,19
RACOR-LATON-3/4,2026-02-06,salida,5
COLECT-SUELO-RAD,2026-02-06,salida,37
SONDA-NIVEL-10M,2026-02-06,salida,32
JUNTA-BRIDA-DN100,2026-02-06,salida,9
GRIFO-MONO-CROMO,2026-02-05,entrada,43
BOMBA-CIRC-25/6,2026-02-05,salida,16
AISLAM-COQUILLA-22,2026-02-05,entrada,19
ELECTROVALV-1,2026-02-05,salida,17
COLECT-SUELO-RAD,2026-02-04,salida,41
MANOMETRO-0-6BAR,2026-02-04,entrada,48
GRUPO-PRES-24L,2026-02-04,entrada,8
TUBERIA-PE-25-100M,2026-02-03,salida,37
COLECT-SUELO-RAD,2026-02-02,salida,21
AISLAM-COQUILLA-22,2026-02-02,entrada,16
AISLAM-COQUILLA-22,2026-02-02,salida,34
ARQUETA-RIEGO-REC,2026-02-02,salida,5
HIDRANTE-COL-DN80,2026-02-02,salida,42
PANEL-SOLAR-2M2,2026-02-01,salida,8
DESAGUE-SIFON-PLATO,2026-02-01,entrada,27
HIDRANTE-COL-DN80,2026-02-01,salida,11
TUB-PVC-50,2026-02-01,entrada,10
PANEL-SOLAR-2M2,2026-01-31,entrada,34
VASO-EXP-24L,2026-01-31,entrada,38
SOPLETE-FONTANERO,2026-01-31,salida,22
ARQUETA-RIEGO-REC,2026-01-31,salida,28
VALV-ESFERA-3/4,2026-01-30,salida,36
GRIFO-BIDET-LATON,2026-01-30,salida,44
SIFON-BOTELLA-40,2026-01-30,salida,36
COLECT-SUELO-RAD,2026-01-30,salida,38
PANEL-SOLAR-2M2,2026-01-30,entrada,14
VASO-EXP-24L,2026-01-30,salida,38
PURG-AUTO-LATON,2026-01-29,salida,24
SONDA-NIVEL-10M,2026-01-29,salida,11
SIFON-BOTELLA-40,2026-01-28,salida,48
PANEL-SOLAR-2M2,2026-01-28,salida,23
SOPLETE-FONTANERO,2026-01-28,entrada,47
LIJA-FONTANERO-KIT,2026-01-28,salida,5
BOCA-RIEGO-3/4,2026-01-28,entrada,30
INTERCAMB-PLACAS,2026-01-28,entrada,8
PURG-AUTO-LATON,2026-01-27,salida,33
SILICONA-SANIT-300,2026-01-27,salida,35
ARQUETA-RIEGO-REC,2026-01-27,salida,7
ELECTROBOMBA-1CV,2026-01-27,salida,38
COLECT-SUELO-RAD,2026-01-26,salida,49
SILICONA-SANIT-300,2026-01-26,salida,28
VARIADOR-FREC-1.5,2026-01-26,entrada,23
MANOMETRO-0-6BAR,2026-01-25,salida,27
TUBERIA-FUND-DN150,2026-01-25,salida,15
CLORO-LIQUIDO-25L,2026-01-25,entrada,3
COLECT-SUELO-RAD,2026-01-24,entrada,44
VASO-EXP-24L,2026-01-24,salida,43
DESCALCIF-25L,2026-01-24,entrada,45
LIJA-FONTANERO-KIT,2026-01-24,salida,27
JUNTA-BRIDA-DN100,2026-01-24,entrada,20
MANGU-FLEX-1/2,2026-01-24,salida,9
SIFON-BOTELLA-40,2026-01-23,salida,30
PANEL-SOLAR-2M2,2026-01-23,salida,25
PANEL-SOLAR-2M2,2026-01-23,entrada,47
SONDA-NIVEL-10M,2026-01-23,entrada,28
JUNTA-BRIDA-DN100,2026-01-23,salida,4
VALV-ESFERA-3/4,2026-01-22,entrada,5
FLUX-DECAPANTE-100,2026-01-22,salida,46
ELECTROBOMBA-1CV,2026-01-22,salida,44
SONDA-NIVEL-10M,2026-01-22,salida,36
COLECT-SUELO-RAD,2026-01-21,salida,28
AISLAM-COQUILLA-22,2026-01-21,salida,6
BOCA-RIEGO-3/4,2026-01-21,salida,10
SIFON-BOTELLA-40,2026-01-20,salida,4
VASO-EXP-24L,2026-01-20,salida,30
DESAGUE-SIFON-PLATO,2026-01-20,salida,3
BOCA-RIEGO-3/4,2026-01-20,salida,47
ELECTROBOMBA-1CV,2026-01-20,salida,29
TUBERIA-FUND-DN150,2026-01-20,entrada,9
COLECT-SUELO-RAD,2026-01-19,salida,22
VASO-EXP-24L,2026-01-19,salida,42
TUBERIA-FUND-DN150,2026-01-19,salida,8
SIFON-BOTELLA-40,2026-01-18,salida,4
SOPLETE-FONTANERO,2026-01-18,salida,9
TUBERIA-FUND-DN150,2026-01-18,salida,27
ELECTROVALV-1,2026-01-17,salida,20
SIFON-BOTELLA-40,2026-01-16,entrada,48
SILICONA-SANIT-300,2026-01-16,entrada,41
PROGRAMADOR-RIEGO,2026-01-16,salida,14
SILICONA-SANIT-300,2026-01-15,salida,49
TUBO-COBRE-22-50M,2026-01-15,entrada,44
JUNTA-BRIDA-DN100,2026-01-15,entrada,2
JUNTA-BRIDA-DN100,2026-01-15,salida,25
PANEL-SOLAR-2M2,2026-01-14,salida,25
SILICONA-SANIT-300,2026-01-14,salida,3
TUBO-COBRE-22-50M,2026-01-14,salida,42
CLORO-LIQUIDO-25L,2026-01-14,entrada,20
SIFON-BOTELLA-40,2026-01-13,salida,17
COLECT-SUELO-RAD,2026-01-13,salida,29
TUBO-COBRE-22-50M,2026-01-13,salida,42
ELECTROBOMBA-1CV,2026-01-13,entrada,29
COLECT-SUELO-RAD,2026-01-12,entrada,5
TUBO-COBRE-22-50M,2026-01-12,salida,21
VALV-MARIPOSA-DN100,2026-01-12,entrada,9
PH-METRO-DIGITAL,2026-01-12,entrada,8
COLECT-SUELO-RAD,2026-01-11,salida,22
PURG-AUTO-LATON,2026-01-11,salida,28
SILICONA-SANIT-300,2026-01-11,salida,9
TUBO-COBRE-22-50M,2026-01-11,salida,36
TUBO-COBRE-22-50M,2026-01-11,salida,13
CLORO-LIQUIDO-25L,2026-01-11,salida,11
PANEL-SOLAR-2M2,2026-01-09,salida,16
CONTA-AGUA-DN20,2026-01-09,salida,14
TUBO-COBRE-22-50M,2026-01-09,salida,16
SIFON-BOTELLA-40,2026-01-08,entrada,25
SONDA-NIVEL-10M,2026-01-08,salida,44
TUBERIA-FUND-DN150,2026-01-08,salida,37
VALV-RET-50,2026-01-08,entrada,6
GOTERO-AUTOCOMP,2026-01-07,entrada,1
VALV-ESFERA-3/4,2026-01-06,salida,4
PROGRAMADOR-RIEGO,2026-01-06,salida,30
ELECTROBOMBA-1CV,2026-01-06,salida,39
COLECT-SUELO-RAD,2026-01-05,entrada,1
ACUM-ACS-150L,2026-01-05,entrada,31
SOPLETE-FONTANERO,2026-01-05,salida,8
SONDA-NIVEL-10M,2026-01-05,salida,46
TORNILLERIA-BRIDA,2026-01-05,entrada,10
OSMOSIS-5ETAPAS,2026-01-05,entrada,9
VASO-EXP-24L,2026-01-04,entrada,7
SOPLETE-FONTANERO,2026-01-04,entrada,24
ARQUETA-RIEGO-REC,2026-01-04,salida,5
SOLD-PLATA-2MM,2026-01-03,salida,48
PROGRAMADOR-RIEGO,2026-01-03,entrada,23
VASO-EXP-24L,2026-01-02,salida,50
AISLAM-COQUILLA-22,2026-01-02,salida,12
SOPLETE-FONTANERO,2026-01-02,salida,34
ELECTROVALV-1,2026-01-02,entrada,6
PROGRAMADOR-RIEGO,2026-01-02,salida,7
PRESOSTATO-0-10,2026-01-02,salida,2
JUNTA-BRIDA-DN100,2026-01-01,entrada,34
JUNTA-BRIDA-DN100,2026-01-01,salida,24
CALD-GAS-COND-28,2025-12-31,salida,29
VASO-EXP-24L,2025-12-31,salida,11
TUBO-COBRE-22-50M,2025-12-31,salida,48
PURG-AUTO-LATON,2025-12-30,salida,40
JUNTA-BRIDA-DN100,2025-12-30,entrada,12
TUBERIA-FUND-DN150,2025-12-30,salida,25
MANOMETRO-0-6BAR,2025-12-29,salida,7
SOLD-PLATA-2MM,2025-12-29,salida,18
VARIADOR-FREC-1.5,2025-12-29,salida,27
RACOR-LATON-3/4,2025-12-28,salida,1
PANEL-SOLAR-2M2,2025-12-28,salida,1
DESAGUE-SIFON-PLATO,2025-12-28,entrada,20
DESAGUE-SIFON-PLATO,2025-12-28,entrada,43
VENTOSA-TRIF-DN50,2025-12-28,salida,1
VALV-ESFERA-3/4,2025-12-27,salida,44
SOPLETE-FONTANERO,2025-12-27,salida,8
TUBO-COBRE-22-50M,2025-12-27,salida,33
JUNTA-BRIDA-DN100,2025-12-27,entrada,3
GRIFO-MONO-CROMO,2025-12-26,entrada,25
DESAGUE-SIFON-PLATO,2025-12-26,salida,50
SONDA-NIVEL-10M,2025-12-26,entrada,37
JUNTA-BRIDA-DN100,2025-12-26,salida,10
AISLAM-COQUILLA-22,2025-12-25,entrada,23
SOPLETE-FONTANERO,2025-12-25,salida,2
GRIFO-BIDET-LATON,2025-12-24,salida,6
SILICONA-SANIT-300,2025-12-24,salida,46
FLUX-DECAPANTE-100,2025-12-24,salida,6
SONDA-NIVEL-10M,2025-12-24,salida,45
SILICONA-SANIT-300,2025-12-23,entrada,19
TORNILLERIA-BRIDA,2025-12-23,entrada,26
MEDIDOR-CAUDAL-ULTR,2025-12-23,salida,9
GRUPO-PRES-24L,2025-12-22,salida,20
GRUPO-PRES-24L,2025-12-22,salida,6
TUBO-COBRE-22-50M,2025-12-22,salida,10
DEPOSITO-RECT-500L,2025-12-22,salida,7
GRIFO-MONO-CROMO,2025-12-21,salida,24
SIFON-BOTELLA-40,2025-12-21,salida,41
BOCA-RIEGO-3/4,2025-12-21,salida,27
ARQUETA-RIEGO-REC,2025-12-21,salida,44
COLECT-SUELO-RAD,2025-12-20,salida,29
DESAGUE-SIFON-PLATO,2025-12-19,salida,24
TUBO-COBRE-22-50M,2025-12-19,salida,10
HIDRANTE-COL-DN80,2025-12-18,salida,1
SILICONA-SANIT-300,2025-12-17,salida,11
BOMBA-CIRC-25/6,2025-12-16,salida,37
AISLAM-COQUILLA-22,2025-12-16,salida,25
VALV-MARIPOSA-DN100,2025-12-16,entrada,40
TORNILLERIA-BRIDA,2025-12-16,salida,27
TUBERIA-FUND-DN150,2025-12-16,salida,50
GOTERO-AUTOCOMP,2025-12-15,salida,1
BOMBA-CIRC-25/6,2025-12-14,salida,21
GRUPO-PRES-24L,2025-12-14,entrada,33
PROGRAMADOR-RIEGO,2025-12-14,salida,20
SONDA-NIVEL-10M,2025-12-14,salida,14
HIDRANTE-COL-DN80,2025-12-14,entrada,49
VALV-ESFERA-3/4,2025-12-13,salida,2
SILICONA-SANIT-300,2025-12-13,entrada,41
ELECTROVALV-1,2025-12-13,entrada,7
LIJA-FONTANERO-KIT,2025-12-13,salida,11
ELECTROBOMBA-1CV,2025-12-13,entrada,7
JUNTA-BRIDA-DN100,2025-12-13,salida,26
VALV-ESFERA-3/4,2025-12-12,salida,33
COLECT-SUELO-RAD,2025-12-12,salida,30
TUBO-COBRE-22-50M,2025-12-12,salida,36
LIJA-FONTANERO-KIT,2025-12-12,salida,49
BOCA-RIEGO-3/4,2025-12-12,salida,34
VARIADOR-FREC-1.5,2025-12-12,salida,36
SONDA-NIVEL-10M,2025-12-12,salida,21
TEFLON-ROLLO-12M,2025-12-12,entrada,1
SIFON-BOTELLA-40,2025-12-11,entrada,9
SIFON-BOTELLA-40,2025-12-11,entrada,23
FLUXOR-WC-PRESS,2025-12-11,entrada,4
PANEL-SOLAR-2M2,2025-12-10,salida,27
SOPLETE-FONTANERO,2025-12-10,salida,20
PROGRAMADOR-RIEGO,2025-12-10,entrada,34
VALV-ESFERA-3/4,2025-12-09,salida,40
CALD-GAS-COND-28,2025-12-09,salida,42
SILICONA-SANIT-300,2025-12-09,entrada,25
SOLD-PLATA-2MM,2025-12-09,salida,9
SONDA-NIVEL-10M,2025-12-09,salida,35
TUBERIA-FUND-DN150,2025-12-09,entrada,25
SIFON-BOTELLA-40,2025-12-08,salida,32
ELECTROBOMBA-1CV,2025-12-08,salida,44
CLORO-LIQUIDO-25L,2025-12-08,salida,7
GRIFO-BIDET-LATON,2025-12-07,entrada,20
LIJA-FONTANERO-KIT,2025-12-07,salida,37
COLECT-SUELO-RAD,2025-12-06,salida,23
PANEL-SOLAR-2M2,2025-12-06,entrada,30
DEPOSITO-VERT-1000L,2025-12-06,salida,40
ELECTROBOMBA-1CV,2025-12-06,entrada,47
TUBERIA-FUND-DN150,2025-12-06,salida,4
VALV-ESFERA-3/4,2025-12-05,salida,28
SOPLETE-FONTANERO,2025-12-05,salida,40
SOPLETE-FONTANERO,2025-12-05,salida,50
GRUPO-PRES-24L,2025-12-05,salida,9
TUBERIA-PE-25-100M,2025-12-05,salida,4
TUB-PVC-50,2025-12-05,salida,2
VALV-ESFERA-3/4,2025-12-04,salida,43
VALV-ESFERA-3/4,2025-12-04,salida,18
COLECT-SUELO-RAD,2025-12-04,salida,28
PURG-AUTO-LATON,2025-12-04,salida,38
SILICONA-SANIT-300,2025-12-04,entrada,46
SOPLETE-FONTANERO,2025-12-04,salida,30
DEPOSITO-VERT-1000L,2025-12-04,salida,5
PROGRAMADOR-RIEGO,2025-12-04,salida,19
ARQUETA-RIEGO-REC,2025-12-04,entrada,39
JUNTA-BRIDA-DN100,2025-12-04,salida,15
TORNILLERIA-BRIDA,2025-12-04,salida,1
COLECT-SUELO-RAD,2025-12-03,salida,45
TUBERIA-FUND-DN150,2025-12-03,salida,7
SIFON-BOTELLA-40,2025-12-02,salida,8
PROGRAMADOR-RIEGO,2025-12-02,salida,25
VALV-ESFERA-3/4,2025-12-01,salida,40
AISLAM-COQUILLA-22,2025-12-01,salida,5
DESAGUE-SIFON-PLATO,2025-12-01,salida,42
ARQUETA-RIEGO-REC,2025-12-01,salida,37
ELECTROBOMBA-1CV,2025-12-01,salida,30
AISLAM-COQUILLA-22,2025-11-30,entrada,39
CONTA-AGUA-DN20,2025-11-30,entrada,21
DEPOSITO-VERT-1000L,2025-11-30,salida,24
PROGRAMADOR-RIEGO,2025-11-30,salida,27
HIDRANTE-COL-DN80,2025-11-30,salida,15
TUBERIA-MULTICAPA-20,2025-11-30,entrada,4
BOMB-RECIR-SOLAR,2025-11-30,salida,7
VALV-COMPUERTA-DN80,2025-11-30,entrada,4
DESAGUE-SIFON-PLATO,2025-11-29,salida,44
TUBO-COBRE-22-50M,2025-11-29,salida,31
LIJA-FONTANERO-KIT,2025-11-29,entrada,4
BOCA-RIEGO-3/4,2025-11-29,entrada,36
TORNILLERIA-BRIDA,2025-11-29,salida,48
HIDRANTE-COL-DN80,2025-11-29,salida,37
PURG-AUTO-LATON,2025-11-28,salida,5
AISLAM-COQUILLA-22,2025-11-28,salida,5
DESAGUE-SIFON-PLATO,2025-11-28,salida,41
TUBERIA-PE-25-100M,2025-11-28,salida,45
HIDRANTE-COL-DN80,2025-11-27,entrada,12
GRIFO-BIDET-LATON,2025-11-26,salida,26
VASO-EXP-24L,2025-11-25,salida,37
DESAGUE-SIFON-PLATO,2025-11-25,salida,21
SILICONA-SANIT-300,2025-11-25,salida,30
SILICONA-SANIT-300,2025-11-25,salida,12
JUNTA-BRIDA-DN100,2025-11-25,salida,8
CLORO-LIQUIDO-25L,2025-11-25,salida,10
COLECT-SUELO-RAD,2025-11-24,salida,31
TUBO-COBRE-22-50M,2025-11-24,entrada,13
TUBO-COBRE-22-50M,2025-11-24,salida,26
SONDA-NIVEL-10M,2025-11-24,salida,33
HIDRANTE-COL-DN80,2025-11-24,salida,50
SIFON-BOTELLA-40,2025-11-23,salida,31
RACOR-LATON-3/4,2025-11-23,salida,26
CALD-GAS-COND-28,2025-11-23,entrada,49
BOCA-RIEGO-3/4,2025-11-23,salida,37
GRIFO-MONO-CROMO,2025-11-22,salida,17
COLECT-SUELO-RAD,2025-11-22,entrada,10
AISLAM-COQUILLA-22,2025-11-22,salida,10
GRIFO-BIDET-LATON,2025-11-21,salida,30
RACOR-LATON-3/4,2025-11-21,entrada,20
PANEL-SOLAR-2M2,2025-11-21,salida,10
TUBO-COBRE-22-50M,2025-11-21,salida,47
VALV-ESFERA-3/4,2025-11-20,salida,3
COLECT-SUELO-RAD,2025-11-20,salida,31
DESAGUE-SIFON-PLATO,2025-11-20,entrada,29
SILICONA-SANIT-300,2025-11-20,salida,9
GRUPO-PRES-24L,2025-11-20,salida,11
TUBERIA-MULTICAPA-20,2025-11-20,entrada,1
VASO-EXP-24L,2025-11-19,salida,15
TUBO-COBRE-22-50M,2025-11-19,salida,47
FLUX-DECAPANTE-100,2025-11-19,entrada,17
LIJA-FONTANERO-KIT,2025-11-19,salida,6
SIFON-BOTELLA-40,2025-11-18,entrada,49
TUBERIA-FUND-DN150,2025-11-18,entrada,10
TUBERIA-PE-25-100M,2025-11-17,salida,49
JUNTA-BRIDA-DN100,2025-11-17,entrada,1
JUNTA-BRIDA-DN100,2025-11-17,entrada,20
TUBERIA-FUND-DN150,2025-11-17,salida,5
HIDRANTE-COL-DN80,2025-11-17,salida,50
COLECT-SUELO-RAD,2025-11-16,salida,7
COLECT-SUELO-RAD,2025-11-16,salida,28
PURG-AUTO-LATON,2025-11-16,salida,2
SONDA-NIVEL-10M,2025-11-16,salida,46
REDUCCION-110-50,2025-11-16,salida,1
PANEL-SOLAR-2M2,2025-11-15,salida,7
DESAGUE-SIFON-PLATO,2025-11-15,entrada,23
PROGRAMADOR-RIEGO,2025-11-15,salida,41
ELECTROBOMBA-1CV,2025-11-15,entrada,44
TUBERIA-MULTICAPA-20,2025-11-15,entrada,10
SIFON-BOTELLA-40,2025-11-14,entrada,6
PURG-AUTO-LATON,2025-11-14,entrada,29
ELECTROBOMBA-1CV,2025-11-14,salida,25
VALV-MARIPOSA-DN100,2025-11-14,salida,34
TUBERIA-FUND-DN150,2025-11-14,entrada,28
HIDRANTE-COL-DN80,2025-11-14,salida,48
DESAGUE-SIFON-PLATO,2025-11-13,salida,30
DESAGUE-SIFON-PLATO,2025-11-13,entrada,20
BOCA-RIEGO-3/4,2025-11-13,entrada,29
GRIFO-MONO-CROMO,2025-11-12,salida,23
MANOMETRO-0-6BAR,2025-11-12,salida,30
ELECTROVALV-1,2025-11-12,salida,19
DESAGUE-SIFON-PLATO,2025-11-11,entrada,41
BOCA-RIEGO-3/4,2025-11-11,entrada,16
BOCA-RIEGO-3/4,2025-11-11,salida,16
ARQUETA-RIEGO-REC,2025-11-11,salida,25
RACOR-LATON-3/4,2025-11-10,entrada,37
JUNTA-BRIDA-DN100,2025-11-10,salida,50
PH-METRO-DIGITAL,2025-11-10,salida,8
SOPLETE-FONTANERO,2025-11-09,salida,35
SOPLETE-FONTANERO,2025-11-09,salida,11
HIDRANTE-COL-DN80,2025-11-09,salida,40
DESAGUE-SIFON-PLATO,2025-11-08,salida,33
RACOR-LATON-3/4,2025-11-07,entrada,50
AISLAM-COQUILLA-22,2025-11-07,salida,27
TUBO-COBRE-22-50M,2025-11-07,salida,21
JUNTA-BRIDA-DN100,2025-11-07,salida,48
OSMOSIS-5ETAPAS,2025-11-07,salida,5
DESAGUE-SIFON-PLATO,2025-11-05,salida,49
FLUX-DECAPANTE-100,2025-11-05,salida,28
SONDA-NIVEL-10M,2025-11-05,salida,11
BOMBA-DOSIF-CLORO,2025-11-05,entrada,4
CUADRO-ELEC-BOMB,2025-11-05,salida,6
SOPLETE-FONTANERO,2025-11-04,salida,45
TUBO-COBRE-22-50M,2025-11-04,salida,11
LIJA-FONTANERO-KIT,2025-11-03,salida,15
CLORO-LIQUIDO-25L,2025-11-03,salida,46
SILICONA-SANIT-300,2025-11-02,entrada,6
ARQUETA-RIEGO-REC,2025-11-02,salida,30
SONDA-NIVEL-10M,2025-11-02,salida,14
PEGAM-PVC-500ML,2025-11-02,entrada,7
CODO-PVC-90-110,2025-11-02,entrada,5
AISLAM-COQUILLA-22,2025-11-01,entrada,44
ARQUETA-RIEGO-REC,2025-11-01,salida,16
COLECT-SUELO-RAD,2025-10-31,entrada,40
TUBERIA-PE-25-100M,2025-10-31,salida,23
ARQUETA-RIEGO-REC,2025-10-31,salida,22
TUBERIA-FUND-DN150,2025-10-31,salida,42
SIFON-BOTELLA-40,2025-10-30,entrada,26
TORNILLERIA-BRIDA,2025-10-30,salida,30
MANOMETRO-0-6BAR,2025-10-29,salida,25
BOMBA-CIRC-25/6,2025-10-28,salida,35
GRUPO-PRES-24L,2025-10-28,salida,40
SONDA-NIVEL-10M,2025-10-28,salida,2
DESAGUE-SIFON-PLATO,2025-10-27,salida,30
DESCALCIF-25L,2025-10-27,salida,42
SIFON-BOTELLA-40,2025-10-26,salida,46
GOTERO-AUTOCOMP,2025-10-26,salida,5
TUBERIA-FUND-DN150,2025-10-26,entrada,38
BOMBA-CIRC-25/6,2025-10-25,salida,15
DESAGUE-SIFON-PLATO,2025-10-25,salida,18
VALV-ESFERA-3/4,2025-10-24,salida,33
BOMBA-CIRC-25/6,2025-10-24,entrada,29
DESAGUE-SIFON-PLATO,2025-10-24,entrada,34
ARQUETA-RIEGO-REC,2025-10-24,salida,48
ELECTROBOMBA-1CV,2025-10-24,salida,16
VASO-EXP-24L,2025-10-23,salida,40
TUBERIA-PE-25-100M,2025-10-22,entrada,45
REACTIVOS-KIT-ANAL,2025-10-22,entrada,8
PURG-AUTO-LATON,2025-10-21,entrada,4
SOPLETE-FONTANERO,2025-10-21,entrada,5
DESCALCIF-25L,2025-10-21,entrada,32
JUNTA-BRIDA-DN100,2025-10-21,salida,18
SOPLETE-FONTANERO,2025-10-20,entrada,29
GRUPO-PRES-24L,2025-10-20,salida,38
DESCALCIF-25L,2025-10-20,salida,42
BOCA-RIEGO-3/4,2025-10-20,salida,24
CLORO-LIQUIDO-25L,2025-10-20,salida,12
SIFON-BOTELLA-40,2025-10-19,salida,9
PURG-AUTO-LATON,2025-10-19,entrada,4
PROGRAMADOR-RIEGO,2025-10-19,salida,34
TUBERIA-FUND-DN150,2025-10-19,salida,41
VALV-ESFERA-3/4,2025-10-18,salida,30
PURG-AUTO-LATON,2025-10-18,salida,4
DESAGUE-SIFON-PLATO,2025-10-18,salida,16
SOPLETE-FONTANERO,2025-10-18,salida,24
ELECTROBOMBA-1CV,2025-10-18,salida,49
TUBERIA-FUND-DN150,2025-10-18,salida,9
DESAGUE-SIFON-PLATO,2025-10-17,salida,5
SOPLETE-FONTANERO,2025-10-17,salida,19
ELECTROBOMBA-1CV,2025-10-17,entrada,37
RACOR-LATON-3/4,2025-10-16,entrada,50
SILICONA-SANIT-300,2025-10-16,salida,10
SOPLETE-FONTANERO,2025-10-16,salida,16
VALV-MARIPOSA-DN100,2025-10-16,salida,4
VALV-MARIPOSA-DN100,2025-10-16,salida,29
TEFLON-ROLLO-12M,2025-10-16,salida,4
RACOR-LATON-3/4,2025-10-15,entrada,49
ACUM-ACS-150L,2025-10-15,salida,18
MANOMETRO-0-6BAR,2025-10-15,salida,28
SOLD-PLATA-2MM,2025-10-15,salida,35
ELECTROBOMBA-1CV,2025-10-15,salida,20
VALV-ESFERA-3/4,2025-10-14,entrada,43
FLUX-DECAPANTE-100,2025-10-14,salida,45
SONDA-NIVEL-10M,2025-10-14,salida,20
SIFON-BOTELLA-40,2025-10-13,entrada,49
TUBO-COBRE-22-50M,2025-10-13,salida,48
PROGRAMADOR-RIEGO,2025-10-13,salida,17
SONDA-NIVEL-10M,2025-10-13,salida,45
VALV-MARIPOSA-DN100,2025-10-13,salida,17
VALV-MARIPOSA-DN100,2025-10-13,entrada,46
AISLAM-COQUILLA-22,2025-10-12,salida,15
AISLAM-COQUILLA-22,2025-10-12,salida,2
SILICONA-SANIT-300,2025-10-12,entrada,50
ELECTROBOMBA-1CV,2025-10-12,salida,26
VALV-RET-50,2025-10-12,entrada,3
CODO-PVC-90-110,2025-10-12,salida,1
BOMBA-DOSIF-CLORO,2025-10-12,salida,9
VASO-EXP-24L,2025-10-11,salida,18
GRUPO-PRES-24L,2025-10-11,salida,37
PURG-AUTO-LATON,2025-10-10,entrada,9
AISLAM-COQUILLA-22,2025-10-10,salida,32
BOCA-RIEGO-3/4,2025-10-10,salida,42
CLORO-LIQUIDO-25L,2025-10-10,salida,13
CLORO-LIQUIDO-25L,2025-10-10,salida,6
PANEL-SOLAR-2M2,2025-10-09,salida,32
PURG-AUTO-LATON,2025-10-09,salida,42
TUBERIA-FUND-DN150,2025-10-09,salida,16
INTERCAMB-PLACAS,2025-10-09,entrada,3
AISLAM-COQUILLA-22,2025-10-08,salida,47
SILICONA-SANIT-300,2025-10-08,entrada,34
SONDA-NIVEL-10M,2025-10-08,salida,5
HIDRANTE-COL-DN80,2025-10-08,salida,25
SIFON-BOTELLA-40,2025-10-07,salida,49
AISLAM-COQUILLA-22,2025-10-07,salida,3
JUNTA-BRIDA-DN100,2025-10-07,salida,8
VALV-ESFERA-3/4,2025-10-06,salida,18
CODO-PVC-90-110,2025-10-06,salida,2
DESAGUE-SIFON-PLATO,2025-10-05,salida,33
SOPLETE-FONTANERO,2025-10-05,salida,24
CALD-GAS-COND-28,2025-10-04,salida,37
VASO-EXP-24L,2025-10-04,salida,38
TUBO-COBRE-22-50M,2025-10-04,entrada,27
BOCA-RIEGO-3/4,2025-10-04,salida,35
ELECTROBOMBA-1CV,2025-10-04,salida,9
TUB-PVC-50,2025-10-04,entrada,7
VASO-EXP-24L,2025-10-03,salida,31
FLUX-DECAPANTE-100,2025-10-03,salida,12
SONDA-NIVEL-10M,2025-10-02,salida,32
AISLAM-COQUILLA-22,2025-10-01,salida,34
DESAGUE-SIFON-PLATO,2025-10-01,salida,19
PROGRAMADOR-RIEGO,2025-10-01,salida,36
ELECTROBOMBA-1CV,2025-10-01,salida,23
SONDA-NIVEL-10M,2025-10-01,entrada,9
DEPOSITO-VERT-1000L,2025-09-30,entrada,9
TUBO-COBRE-22-50M,2025-09-30,salida,3
TUBO-COBRE-22-50M,2025-09-30,salida,40
LIJA-FONTANERO-KIT,2025-09-30,salida,46
ARQUETA-RIEGO-REC,2025-09-30,salida,6
VALV-MARIPOSA-DN100,2025-09-30,salida,1
VASO-EXP-24L,2025-09-29,salida,32
SOPLETE-FONTANERO,2025-09-29,salida,43
JUNTA-BRIDA-DN100,2025-09-29,salida,49
MEDIDOR-CAUDAL-ULTR,2025-09-29,entrada,8
SILICONA-SANIT-300,2025-09-28,salida,45
DESCALCIF-25L,2025-09-28,salida,20
PURG-AUTO-LATON,2025-09-27,entrada,32
MANOMETRO-0-6BAR,2025-09-27,salida,5
VALV-MARIPOSA-DN100,2025-09-27,salida,14
COLECT-SUELO-RAD,2025-09-26,salida,19
TUBO-COBRE-22-50M,2025-09-26,entrada,39
PEGAM-PVC-500ML,2025-09-26,entrada,7
VALV-ESFERA-3/4,2025-09-25,salida,35
RACOR-LATON-3/4,2025-09-25,salida,7
SOPLETE-FONTANERO,2025-09-25,salida,23
TUBO-COBRE-22-50M,2025-09-25,salida,27
JUNTA-BRIDA-DN100,2025-09-25,entrada,43
SIFON-BOTELLA-40,2025-09-23,salida,46
ELECTROBOMBA-1CV,2025-09-23,salida,37
TORNILLERIA-BRIDA,2025-09-23,entrada,22
CAUDALIMETRO-DN25,2025-09-23,salida,7
SIFON-BOTELLA-40,2025-09-22,salida,32
RACOR-LATON-3/4,2025-09-22,salida,44
VASO-EXP-24L,2025-09-22,salida,38
TUBO-COBRE-22-50M,2025-09-22,salida,9
PROGRAMADOR-RIEGO,2025-09-22,salida,26
ELECTROBOMBA-1CV,2025-09-22,salida,21
CLORO-LIQUIDO-25L,2025-09-22,salida,43
JUNTA-BRIDA-DN100,2025-09-21,salida,47
HIDRANTE-COL-DN80,2025-09-21,salida,38
RACOR-LATON-3/4,2025-09-20,salida,50
VALV-MARIPOSA-DN100,2025-09-20,salida,28
COLECT-SUELO-RAD,2025-09-19,salida,18
MANOMETRO-0-6BAR,2025-09-19,entrada,42
DESAGUE-SIFON-PLATO,2025-09-19,entrada,42
LIJA-FONTANERO-KIT,2025-09-19,salida,49
JUNTA-BRIDA-DN100,2025-09-19,salida,6
AISLAM-COQUILLA-22,2025-09-18,salida,33
SONDA-NIVEL-10M,2025-09-18,salida,19
FILTRO-MALLA-3/4,2025-09-18,entrada,2
COLECT-SUELO-RAD,2025-09-17,salida,45
SILICONA-SANIT-300,2025-09-17,salida,29
ELECTROBOMBA-1CV,2025-09-17,salida,40
GOTERO-AUTOCOMP,2025-09-16,salida,1
TERMOSTATO-DIG,2025-09-16,entrada,2
GRUPO-PRES-24L,2025-09-15,salida,23
ELECTROBOMBA-1CV,2025-09-15,entrada,2
PH-METRO-DIGITAL,2025-09-15,salida,7
REDUCCION-110-50,2025-09-15,entrada,1
PURG-AUTO-LATON,2025-09-14,salida,5
TUBERIA-PE-25-100M,2025-09-14,salida,5
SONDA-NIVEL-10M,2025-09-14,salida,16
JUNTA-BRIDA-DN100,2025-09-14,entrada,32
TORNILLERIA-BRIDA,2025-09-14,salida,6
TUBERIA-FUND-DN150,2025-09-14,salida,23
TERMOSTATO-DIG,2025-09-13,salida,9
ASPERSORES-KIT,2025-09-10,entrada,1
VENTOSA-TRIF-DN50,2025-09-10,salida,5
CORTATUBOS-CU-28,2025-09-08,entrada,4
CODO-PVC-90-110,2025-09-07,salida,5
PRESOSTATO-0-10,2025-09-07,salida,6
OSMOSIS-5ETAPAS,2025-09-01,salida,5
CORTATUBOS-CU-28,2025-08-29,entrada,5
ABRAZADERA-ISOF-25,2025-08-26,entrada,5
TERMOSTATO-DIG,2025-08-12,salida,9
ASPERSORES-KIT,2025-08-05,entrada,7
MANGU-FLEX-1/2,2025-08-04,entrada,9
TEFLON-ROLLO-12M,2025-08-04,salida,3
CUADRO-ELEC-BOMB,2025-08-03,salida,1
FILTRO-MALLA-3/4,2025-08-01,salida,3
BOMB-RECIR-SOLAR,2025-07-31,salida,7
ANODO-MAGN-TERMO,2025-07-29,entrada,3
TUBERIA-MULTICAPA-20,2025-07-25,entrada,7
REDUCCION-110-50,2025-07-22,salida,7
JUNTA-GOMA-DN50,2025-07-16,salida,5
JUNTA-GOMA-DN50,2025-07-13,entrada,5
BOMBA-SUM-ACHIQUE,2025-07-04,salida,2
PEGAM-PVC-500ML,2025-06-28,entrada,8
BOMB-RECIR-SOLAR,2025-06-23,salida,1
FILTRO-MALLA-3/4,2025-06-22,salida,3
BOMBA-SUM-ACHIQUE,2025-06-21,salida,3
LLAV-PASO-1-1/4,2025-06-17,salida,5
TUB-PVC-110,2025-06-15,entrada,7
MANGUERA-FLEX-50CM,2025-06-14,entrada,2
CUADRO-ELEC-BOMB,2025-06-12,salida,3
PH-METRO-DIGITAL,2025-06-07,salida,1
OSMOSIS-5ETAPAS,2025-06-05,salida,10
PEGAM-PVC-500ML,2025-06-04,salida,9
TUB-PVC-110,2025-05-31,salida,7
PRESOSTATO-0-10,2025-05-15,salida,5
ANODO-MAGN-TERMO,2025-05-14,entrada,5
ANODO-MAGN-TERMO,2025-05-12,entrada,2
INTERCAMB-PLACAS,2025-05-07,entrada,8
CUADRO-ELEC-BOMB,2025-05-04,entrada,6
VENTOSA-TRIF-DN50,2025-05-04,entrada,8
VENTOSA-TRIF-DN50,2025-05-03,salida,8
TUB-PVC-50,2025-05-02,salida,6
