mes,canal,importe_previsto
Enero,Gran distribución Mercadona,45000
Enero,Horeca Grupo Areas,12000
Enero,Exportación Francia,8000
Febrero,Gran distribución Mercadona,42000
Febrero,Horeca Grupo Areas,10000
Febrero,Exportación Francia,7500
Marzo,Gran distribución Mercadona,48000
Marzo,Horeca Grupo Areas,14000
Marzo,Exportación Francia,9000
Abril,Gran distribución Mercadona,38000
Abril,Horeca Grupo Areas,11000
Abril,Exportación Francia,7000
Mayo,Gran distribución Mercadona,32000
Mayo,Horeca Grupo Areas,9000
Mayo,Exportación Francia,6000
Junio,Gran distribución Mercadona,28000
Junio,Horeca Grupo Areas,8000
Junio,Exportación Francia,5500
Julio,Gran distribución Mercadona,25000
Julio,Horeca Grupo Areas,7000
Julio,Exportación Francia,5000
Agosto,Gran distribución Mercadona,22000
Agosto,Horeca Grupo Areas,6000
Agosto,Exportación Francia,4000
Septiembre,Gran distribución Mercadona,35000
Septiembre,Horeca Grupo Areas,10000
Septiembre,Exportación Francia,6500
Octubre,Gran distribución Mercadona,58000
Octubre,Horeca Grupo Areas,18000
Octubre,Exportación Francia,12000
Noviembre,Gran distribución Mercadona,85000
Noviembre,Horeca Grupo Areas,25000
Noviembre,Exportación Francia,18000
Diciembre,Gran distribución Mercadona,110000
Diciembre,Horeca Grupo Areas,32000
Diciembre,Exportación Francia,22000
