fecha,máquina,tipo_paro,causa,duración_horas,coste_estimado
2024-09-02,Prensa 1,Correctivo,Sobrecalentamiento motor,3.2,5760
2024-09-02,Torno CNC 2,Correctivo,Fallo eléctrico,3.9,5850
2024-09-03,Torno CNC 1,Correctivo,Desalineación,3.9,5850
2024-09-04,Prensa 3,Correctivo,Desgaste de herramienta,2.2,5280
2024-09-05,Prensa 2,Correctivo,Fallo neumático,2.6,5200
2024-09-05,Robot soldadura,Correctivo,Desalineación,1.4,3080
2024-09-05,Torno CNC 1,Correctivo,Fuga hidráulica,2.2,3300
2024-09-05,Cortadora láser,Correctivo,Sobrecalentamiento motor,1.0,2800
2024-09-07,Fresadora 2,Correctivo,Rotura de correa,3.3,3960
2024-09-07,Plegadora 1,Correctivo,Error de PLC,1.8,1620
2024-09-08,Robot soldadura,Correctivo,Sensor dañado,3.7,8140
2024-09-08,Fresadora 1,Correctivo,Desalineación,0.8,960
2024-09-08,Cortadora láser,Correctivo,Desgaste de herramienta,1.8,5040
2024-09-09,Fresadora 1,Correctivo,Sobrecalentamiento motor,3.2,3840
2024-09-09,Torno CNC 1,Correctivo,Error de PLC,2.3,3449
2024-09-09,Cortadora láser,Correctivo,Sensor dañado,3.7,10360
2024-09-10,Prensa 2,Correctivo,Error de PLC,1.1,2200
2024-09-11,Plegadora 1,Correctivo,Sobrecalentamiento motor,0.9,810
2024-09-12,Fresadora 1,Correctivo,Rotura de correa,1.2,1440
2024-09-12,Prensa 2,Correctivo,Sobrecalentamiento motor,2.7,5400
2024-09-14,Robot soldadura,Correctivo,Rotura de correa,2.5,5500
2024-09-14,Robot soldadura,Correctivo,Fallo de lubricación,3.7,8140
2024-09-14,Prensa 2,Correctivo,Sensor dañado,1.6,3200
2024-09-14,Robot soldadura,Correctivo,Fallo neumático,3.8,8360
2024-09-15,Cortadora láser,Correctivo,Rotura de correa,1.5,4200
2024-09-15,Fresadora 2,Correctivo,Fallo neumático,3.4,4080
2024-09-15,Fresadora 1,Correctivo,Fallo eléctrico,1.5,1800
2024-09-15,Fresadora 1,Correctivo,Desgaste de herramienta,1.3,1560
2024-09-16,Prensa 3,Correctivo,Rodamiento cilindro hidráulico,2.8,6720
2024-09-16,Prensa 1,Correctivo,Fuga hidráulica,1.0,1800
2024-09-16,Torno CNC 1,Correctivo,Desgaste de herramienta,3.4,5100
2024-09-17,Prensa 3,Correctivo,Sobrecalentamiento motor,1.5,3600
2024-09-17,Prensa 2,Correctivo,Rotura de correa,2.6,5200
2024-09-18,Cortadora láser,Correctivo,Desgaste de herramienta,0.5,1400
2024-09-19,Torno CNC 1,Correctivo,Rotura de correa,3.2,4800
2024-09-20,Fresadora 1,Correctivo,Sensor dañado,2.5,3000
2024-09-20,Prensa 1,Correctivo,Error de PLC,4.0,7200
2024-09-20,Robot soldadura,Correctivo,Sobrecalentamiento motor,3.5,7700
2024-09-23,Plegadora 1,Correctivo,Sobrecalentamiento motor,3.1,2790
2024-09-23,Cortadora láser,Correctivo,Rotura de correa,3.9,10920
2024-09-23,Torno CNC 2,Correctivo,Fuga hidráulica,3.6,5400
2024-09-24,Prensa 1,Correctivo,Fallo eléctrico,0.8,1440
2024-09-24,Plegadora 1,Correctivo,Fallo de lubricación,3.5,3150
2024-09-25,Prensa 2,Correctivo,Sensor dañado,0.9,1800
2024-09-26,Prensa 1,Correctivo,Sobrecalentamiento motor,1.2,2160
2024-09-27,Cortadora láser,Correctivo,Fuga hidráulica,1.3,3640
2024-09-27,Fresadora 1,Correctivo,Desgaste de herramienta,3.0,3600
2024-09-27,Torno CNC 2,Correctivo,Fallo de lubricación,2.1,3150
2024-09-27,Torno CNC 2,Correctivo,Error de PLC,1.7,2550
2024-09-27,Torno CNC 1,Correctivo,Rotura de correa,2.6,3900
2024-09-28,Prensa 1,Correctivo,Desalineación,1.4,2520
2024-09-28,Plegadora 1,Correctivo,Rotura de correa,2.2,1980
2024-09-28,Fresadora 2,Correctivo,Sensor dañado,1.9,2280
2024-10-01,Fresadora 2,Correctivo,Fallo de lubricación,2.7,3240
2024-10-01,Plegadora 1,Correctivo,Error de PLC,3.5,3150
2024-10-02,Robot soldadura,Correctivo,Sobrecalentamiento motor,0.5,1100
2024-10-02,Fresadora 2,Correctivo,Rotura de correa,1.3,1560
2024-10-02,Prensa 1,Correctivo,Fallo neumático,3.4,6120
2024-10-03,Cortadora láser,Correctivo,Sensor dañado,3.4,9520
2024-10-03,Torno CNC 1,Correctivo,Fallo neumático,0.4,600
2024-10-04,Prensa 3,Correctivo,Fuga hidráulica,2.8,6720
2024-10-04,Torno CNC 1,Correctivo,Desgaste de herramienta,1.3,1950
2024-10-04,Fresadora 2,Correctivo,Sobrecalentamiento motor,0.6,720
2024-10-06,Prensa 3,Correctivo,Fallo eléctrico,2.2,5280
2024-10-06,Torno CNC 1,Correctivo,Error de PLC,3.2,4800
2024-10-06,Prensa 1,Correctivo,Fallo neumático,0.4,720
2024-10-07,Fresadora 2,Correctivo,Rotura de correa,3.5,4200
2024-10-07,Cortadora láser,Correctivo,Fuga hidráulica,1.7,4760
2024-10-08,Prensa 2,Correctivo,Desalineación,1.1,2200
2024-10-08,Cortadora láser,Correctivo,Sensor dañado,1.5,4200
2024-10-08,Prensa 1,Correctivo,Fuga hidráulica,3.3,5940
2024-10-08,Torno CNC 2,Correctivo,Sensor dañado,1.3,1950
2024-10-08,Cortadora láser,Correctivo,Fallo eléctrico,2.5,7000
2024-10-09,Torno CNC 1,Correctivo,Fallo neumático,3.2,4800
2024-10-09,Cortadora láser,Correctivo,Desgaste de herramienta,3.1,8680
2024-10-10,Torno CNC 1,Correctivo,Error de PLC,3.4,5100
2024-10-10,Fresadora 2,Correctivo,Fallo de lubricación,0.7,840
2024-10-11,Robot soldadura,Correctivo,Rotura de correa,3.5,7700
2024-10-12,Robot soldadura,Correctivo,Desgaste de herramienta,0.6,1320
2024-10-12,Robot soldadura,Correctivo,Desgaste de herramienta,0.9,1980
2024-10-12,Prensa 1,Correctivo,Fallo eléctrico,3.8,6840
2024-10-13,Prensa 1,Correctivo,Rotura de correa,0.8,1440
2024-10-13,Fresadora 1,Correctivo,Desgaste de herramienta,1.3,1560
2024-10-13,Torno CNC 1,Correctivo,Fallo neumático,3.4,5100
2024-10-14,Prensa 2,Correctivo,Fallo neumático,3.3,6600
2024-10-14,Torno CNC 2,Correctivo,Fuga hidráulica,3.0,4500
2024-10-14,Fresadora 1,Correctivo,Fuga hidráulica,0.7,840
2024-10-14,Fresadora 2,Correctivo,Desalineación,2.7,3240
2024-10-14,Plegadora 1,Correctivo,Fallo de lubricación,1.4,1260
2024-10-15,Cortadora láser,Correctivo,Sobrecalentamiento motor,2.8,7839
2024-10-16,Prensa 1,Correctivo,Fallo de lubricación,1.2,2160
2024-10-17,Prensa 1,Correctivo,Fuga hidráulica,3.9,7020
2024-10-17,Cortadora láser,Correctivo,Fallo neumático,1.6,4480
2024-10-17,Prensa 1,Correctivo,Desalineación,1.1,1980
2024-10-17,Cortadora láser,Correctivo,Desalineación,1.9,5320
2024-10-18,Prensa 1,Correctivo,Rotura de correa,3.4,6120
2024-10-18,Fresadora 2,Correctivo,Fuga hidráulica,2.8,3360
2024-10-18,Prensa 2,Correctivo,Rotura de correa,0.7,1400
2024-10-18,Robot soldadura,Correctivo,Desalineación,2.7,5940
2024-10-18,Prensa 1,Correctivo,Rotura de correa,1.7,3060
2024-10-19,Torno CNC 2,Correctivo,Fallo neumático,0.7,1050
2024-10-20,Prensa 3,Correctivo,Sobrecalentamiento motor,2.6,6240
2024-10-20,Prensa 2,Correctivo,Fuga hidráulica,3.6,7200
2024-10-21,Fresadora 2,Correctivo,Sobrecalentamiento motor,2.3,2760
2024-10-21,Plegadora 1,Correctivo,Sensor dañado,3.5,3150
2024-10-22,Prensa 3,Correctivo,Rotura de correa,1.2,2880
2024-10-22,Fresadora 2,Correctivo,Fallo neumático,0.7,840
2024-10-23,Torno CNC 2,Correctivo,Error de PLC,3.4,5100
2024-10-23,Robot soldadura,Correctivo,Desalineación,3.4,7480
2024-10-23,Plegadora 1,Correctivo,Fuga hidráulica,1.4,1260
2024-10-23,Prensa 2,Correctivo,Sobrecalentamiento motor,1.7,3400
2024-10-24,Cortadora láser,Correctivo,Error de PLC,1.8,5040
2024-10-25,Torno CNC 1,Correctivo,Sensor dañado,2.2,3300
2024-10-26,Fresadora 2,Correctivo,Fuga hidráulica,1.0,1200
2024-10-26,Fresadora 2,Correctivo,Fuga hidráulica,2.0,2400
2024-10-26,Prensa 2,Correctivo,Fuga hidráulica,2.7,5400
2024-10-27,Plegadora 1,Correctivo,Error de PLC,2.8,2520
2024-10-29,Robot soldadura,Correctivo,Sensor dañado,2.1,4620
2024-10-29,Cortadora láser,Correctivo,Error de PLC,2.8,7839
2024-10-30,Robot soldadura,Correctivo,Rotura de correa,3.6,7920
2024-10-30,Cortadora láser,Correctivo,Fuga hidráulica,3.0,8400
2024-10-30,Prensa 2,Correctivo,Desgaste de herramienta,1.6,3200
2024-10-30,Plegadora 1,Correctivo,Fallo neumático,2.6,2340
2024-10-31,Robot soldadura,Correctivo,Error de PLC,3.2,7040
2024-10-31,Torno CNC 2,Correctivo,Fallo neumático,3.7,5550
2024-10-31,Fresadora 1,Correctivo,Fallo eléctrico,1.5,1800
2024-11-01,Fresadora 2,Correctivo,Rotura de correa,2.9,3480
2024-11-01,Fresadora 1,Correctivo,Sensor dañado,0.9,1080
2024-11-02,Prensa 3,Correctivo,Rodamiento cilindro hidráulico,3.2,7680
2024-11-02,Cortadora láser,Correctivo,Fallo eléctrico,3.9,10920
2024-11-02,Torno CNC 1,Correctivo,Fallo eléctrico,0.5,750
2024-11-03,Prensa 1,Correctivo,Desalineación,0.9,1620
2024-11-03,Torno CNC 1,Correctivo,Fallo de lubricación,3.0,4500
2024-11-04,Robot soldadura,Correctivo,Desgaste de herramienta,2.7,5940
2024-11-04,Prensa 1,Correctivo,Desalineación,3.9,7020
2024-11-04,Prensa 2,Correctivo,Sobrecalentamiento motor,2.7,5400
2024-11-05,Robot soldadura,Correctivo,Fuga hidráulica,1.9,4180
2024-11-05,Fresadora 2,Correctivo,Desalineación,0.6,720
2024-11-05,Prensa 2,Correctivo,Sensor dañado,1.8,3600
2024-11-06,Fresadora 2,Correctivo,Desalineación,0.5,600
2024-11-06,Plegadora 1,Correctivo,Fallo de lubricación,2.9,2610
2024-11-06,Robot soldadura,Correctivo,Fallo de lubricación,3.6,7920
2024-11-06,Torno CNC 2,Correctivo,Fuga hidráulica,3.3,4950
2024-11-07,Fresadora 1,Correctivo,Sobrecalentamiento motor,3.6,4320
2024-11-07,Fresadora 2,Correctivo,Sensor dañado,3.7,4440
2024-11-07,Prensa 1,Correctivo,Fallo eléctrico,1.6,2880
2024-11-07,Prensa 2,Correctivo,Sensor dañado,1.0,2000
2024-11-08,Prensa 2,Correctivo,Error de PLC,0.7,1400
2024-11-08,Fresadora 2,Correctivo,Fallo eléctrico,1.6,1920
2024-11-08,Robot soldadura,Correctivo,Sobrecalentamiento motor,0.7,1540
2024-11-08,Robot soldadura,Correctivo,Rotura de correa,0.6,1320
2024-11-10,Plegadora 1,Correctivo,Fuga hidráulica,0.6,540
2024-11-10,Fresadora 1,Correctivo,Rotura de correa,3.2,3840
2024-11-11,Prensa 3,Correctivo,Fuga hidráulica,2.4,5760
2024-11-11,Robot soldadura,Correctivo,Sobrecalentamiento motor,3.7,8140
2024-11-11,Prensa 1,Correctivo,Desalineación,4.0,7200
2024-11-14,Fresadora 2,Correctivo,Desgaste de herramienta,0.4,480
2024-11-15,Robot soldadura,Correctivo,Rotura de correa,0.8,1760
2024-11-15,Torno CNC 2,Correctivo,Fallo eléctrico,3.6,5400
2024-11-15,Robot soldadura,Correctivo,Rotura de correa,0.6,1320
2024-11-15,Plegadora 1,Correctivo,Fuga hidráulica,0.4,360
2024-11-15,Fresadora 2,Correctivo,Sensor dañado,2.9,3480
2024-11-16,Cortadora láser,Correctivo,Fallo neumático,2.3,6439
2024-11-16,Plegadora 1,Correctivo,Desgaste de herramienta,3.7,3330
2024-11-17,Prensa 1,Correctivo,Desgaste de herramienta,3.3,5940
2024-11-17,Plegadora 1,Correctivo,Rotura de correa,2.9,2610
2024-11-17,Robot soldadura,Correctivo,Sobrecalentamiento motor,4.0,8800
2024-11-17,Torno CNC 2,Correctivo,Fallo eléctrico,3.7,5550
2024-11-19,Prensa 1,Correctivo,Desgaste de herramienta,3.1,5580
2024-11-19,Prensa 2,Correctivo,Sensor dañado,0.9,1800
2024-11-20,Plegadora 1,Correctivo,Fallo neumático,0.3,270
2024-11-20,Prensa 2,Correctivo,Fuga hidráulica,0.9,1800
2024-11-20,Prensa 2,Correctivo,Fallo eléctrico,1.8,3600
2024-11-20,Fresadora 1,Correctivo,Desgaste de herramienta,3.2,3840
2024-11-20,Prensa 1,Correctivo,Fallo neumático,1.8,3240
2024-11-21,Torno CNC 2,Correctivo,Fallo neumático,4.0,6000
2024-11-21,Fresadora 1,Correctivo,Error de PLC,0.6,720
2024-11-22,Fresadora 1,Correctivo,Fallo neumático,2.3,2760
2024-11-22,Torno CNC 1,Correctivo,Sobrecalentamiento motor,3.8,5700
2024-11-23,Prensa 3,Correctivo,Fallo neumático,1.4,3360
2024-11-23,Prensa 2,Correctivo,Error de PLC,0.7,1400
2024-11-23,Fresadora 2,Correctivo,Rotura de correa,4.0,4800
2024-11-23,Fresadora 1,Correctivo,Fallo de lubricación,1.2,1440
2024-11-24,Robot soldadura,Correctivo,Error de PLC,2.3,5060
2024-11-24,Plegadora 1,Correctivo,Fallo neumático,3.7,3330
2024-11-24,Fresadora 1,Correctivo,Error de PLC,3.7,4440
2024-11-24,Torno CNC 1,Correctivo,Sobrecalentamiento motor,3.5,5250
2024-11-24,Plegadora 1,Correctivo,Fallo de lubricación,0.8,720
2024-11-25,Torno CNC 2,Correctivo,Rotura de correa,2.1,3150
2024-11-25,Plegadora 1,Correctivo,Fallo neumático,1.6,1440
2024-11-25,Prensa 2,Correctivo,Rotura de correa,1.3,2600
2024-11-25,Fresadora 2,Correctivo,Fallo de lubricación,0.5,600
2024-11-25,Fresadora 1,Correctivo,Sobrecalentamiento motor,0.8,960
2024-11-26,Fresadora 2,Correctivo,Desgaste de herramienta,3.0,3600
2024-11-27,Prensa 3,Correctivo,Desalineación,2.3,5520
2024-11-27,Torno CNC 1,Correctivo,Desgaste de herramienta,0.6,900
2024-11-27,Torno CNC 1,Correctivo,Fallo de lubricación,3.0,4500
2024-11-28,Torno CNC 2,Correctivo,Fallo de lubricación,0.9,1350
2024-11-28,Fresadora 2,Correctivo,Fallo neumático,3.7,4440
2024-11-29,Plegadora 1,Correctivo,Desgaste de herramienta,1.7,1530
2024-11-29,Prensa 1,Correctivo,Rotura de correa,3.6,6480
2024-11-30,Prensa 2,Correctivo,Fallo neumático,2.0,4000
2024-12-01,Fresadora 1,Correctivo,Fallo de lubricación,3.9,4680
2024-12-01,Prensa 1,Correctivo,Fuga hidráulica,3.3,5940
2024-12-02,Fresadora 1,Correctivo,Fallo de lubricación,1.9,2280
2024-12-02,Fresadora 1,Correctivo,Fuga hidráulica,1.6,1920
2024-12-02,Plegadora 1,Correctivo,Desgaste de herramienta,3.1,2790
2024-12-03,Cortadora láser,Correctivo,Fallo eléctrico,1.3,3640
2024-12-03,Prensa 2,Correctivo,Sobrecalentamiento motor,2.9,5800
2024-12-04,Cortadora láser,Correctivo,Desalineación,4.0,11200
2024-12-05,Fresadora 1,Correctivo,Fallo eléctrico,3.0,3600
2024-12-05,Robot soldadura,Correctivo,Sobrecalentamiento motor,1.5,3300
2024-12-07,Prensa 2,Correctivo,Fallo eléctrico,1.9,3800
2024-12-08,Prensa 2,Correctivo,Sobrecalentamiento motor,0.7,1400
2024-12-08,Cortadora láser,Correctivo,Fuga hidráulica,4.0,11200
2024-12-08,Torno CNC 2,Correctivo,Fallo de lubricación,2.2,3300
2024-12-09,Cortadora láser,Correctivo,Sobrecalentamiento motor,2.8,7839
2024-12-10,Cortadora láser,Correctivo,Desalineación,3.1,8680
2024-12-11,Prensa 3,Correctivo,Desalineación,1.5,3600
2024-12-11,Torno CNC 2,Correctivo,Desgaste de herramienta,0.4,600
2024-12-11,Fresadora 1,Correctivo,Rotura de correa,3.5,4200
2024-12-12,Torno CNC 2,Correctivo,Fallo neumático,1.6,2400
2024-12-12,Cortadora láser,Correctivo,Sensor dañado,0.8,2240
2024-12-13,Plegadora 1,Correctivo,Desgaste de herramienta,3.6,3240
2024-12-13,Prensa 2,Correctivo,Desgaste de herramienta,3.2,6400
2024-12-14,Cortadora láser,Correctivo,Sobrecalentamiento motor,2.5,7000
2024-12-14,Robot soldadura,Correctivo,Desgaste de herramienta,2.3,5060
2024-12-15,Prensa 3,Correctivo,Rodamiento cilindro hidráulico,2.8,6720
2024-12-15,Torno CNC 2,Correctivo,Fallo eléctrico,2.4,3600
2024-12-15,Fresadora 1,Correctivo,Desalineación,2.5,3000
2024-12-16,Prensa 2,Correctivo,Fuga hidráulica,1.3,2600
2024-12-16,Robot soldadura,Correctivo,Fallo de lubricación,1.1,2420
2024-12-16,Fresadora 2,Correctivo,Fallo neumático,1.4,1680
2024-12-17,Torno CNC 2,Correctivo,Fallo de lubricación,2.8,4200
2024-12-18,Plegadora 1,Correctivo,Desalineación,3.1,2790
2024-12-18,Fresadora 2,Correctivo,Fallo neumático,1.5,1800
2024-12-18,Fresadora 1,Correctivo,Desgaste de herramienta,3.1,3720
2024-12-19,Cortadora láser,Correctivo,Fallo de lubricación,1.4,3919
2024-12-19,Cortadora láser,Correctivo,Fuga hidráulica,3.4,9520
2024-12-19,Prensa 1,Correctivo,Fallo neumático,0.6,1080
2024-12-20,Robot soldadura,Correctivo,Rotura de correa,2.0,4400
2024-12-20,Fresadora 1,Correctivo,Desalineación,0.7,840
2024-12-20,Torno CNC 2,Correctivo,Fallo de lubricación,1.6,2400
2024-12-21,Fresadora 1,Correctivo,Fallo eléctrico,2.4,2880
2024-12-21,Prensa 1,Correctivo,Fallo de lubricación,0.6,1080
2024-12-21,Robot soldadura,Correctivo,Fallo neumático,1.1,2420
2024-12-21,Cortadora láser,Correctivo,Sensor dañado,3.6,10080
2024-12-22,Prensa 3,Correctivo,Desgaste de herramienta,1.8,4320
2024-12-22,Prensa 1,Correctivo,Error de PLC,0.4,720
2024-12-23,Robot soldadura,Correctivo,Fallo de lubricación,0.5,1100
2024-12-23,Fresadora 2,Correctivo,Sobrecalentamiento motor,3.2,3840
2024-12-23,Robot soldadura,Correctivo,Rotura de correa,1.4,3080
2024-12-24,Torno CNC 2,Correctivo,Fallo eléctrico,2.7,4050
2024-12-24,Cortadora láser,Correctivo,Sensor dañado,1.6,4480
2024-12-24,Robot soldadura,Correctivo,Sensor dañado,3.9,8580
2024-12-25,Torno CNC 2,Correctivo,Sensor dañado,1.6,2400
2024-12-25,Robot soldadura,Correctivo,Fuga hidráulica,0.5,1100
2024-12-26,Fresadora 1,Correctivo,Sensor dañado,1.9,2280
2024-12-26,Prensa 2,Correctivo,Desalineación,0.3,600
2024-12-27,Robot soldadura,Correctivo,Fallo de lubricación,1.1,2420
2024-12-27,Fresadora 1,Correctivo,Fallo de lubricación,3.3,3960
2024-12-27,Plegadora 1,Correctivo,Fuga hidráulica,2.0,1800
2024-12-27,Prensa 1,Correctivo,Fuga hidráulica,3.6,6480
2024-12-28,Torno CNC 1,Correctivo,Fallo neumático,2.7,4050
2024-12-28,Cortadora láser,Correctivo,Rotura de correa,2.6,7280
2024-12-29,Cortadora láser,Correctivo,Desalineación,1.2,3360
2024-12-29,Prensa 1,Correctivo,Desalineación,1.6,2880
2024-12-30,Torno CNC 1,Correctivo,Sensor dañado,0.8,1200
2024-12-31,Torno CNC 1,Correctivo,Desgaste de herramienta,3.9,5850
2024-12-31,Prensa 2,Correctivo,Rotura de correa,2.4,4800
2024-12-31,Torno CNC 1,Correctivo,Fallo neumático,0.4,600
2024-12-31,Fresadora 2,Correctivo,Error de PLC,3.5,4200
2025-01-01,Fresadora 2,Correctivo,Error de PLC,1.8,2160
2025-01-01,Prensa 1,Correctivo,Rotura de correa,2.7,4860
2025-01-01,Plegadora 1,Correctivo,Fallo eléctrico,1.2,1080
2025-01-02,Fresadora 2,Correctivo,Sensor dañado,3.2,3840
2025-01-02,Fresadora 2,Correctivo,Fallo neumático,0.8,960
2025-01-02,Prensa 1,Correctivo,Fuga hidráulica,0.5,900
2025-01-02,Cortadora láser,Correctivo,Fuga hidráulica,1.4,3919
2025-01-02,Fresadora 1,Correctivo,Error de PLC,2.7,3240
2025-01-03,Prensa 2,Correctivo,Rotura de correa,2.5,5000
2025-01-03,Torno CNC 2,Correctivo,Fallo eléctrico,2.8,4200
2025-01-03,Torno CNC 1,Correctivo,Desalineación,0.9,1350
2025-01-04,Torno CNC 1,Correctivo,Desalineación,1.8,2700
2025-01-04,Prensa 1,Correctivo,Fallo eléctrico,1.8,3240
2025-01-04,Prensa 1,Correctivo,Fallo eléctrico,2.0,3600
2025-01-05,Prensa 1,Correctivo,Fallo neumático,4.0,7200
2025-01-05,Cortadora láser,Correctivo,Desgaste de herramienta,0.7,1959
2025-01-05,Fresadora 2,Correctivo,Rotura de correa,2.1,2520
2025-01-06,Fresadora 1,Correctivo,Sensor dañado,0.4,480
2025-01-07,Robot soldadura,Correctivo,Desalineación,3.5,7700
2025-01-07,Robot soldadura,Correctivo,Desgaste de herramienta,0.7,1540
2025-01-07,Prensa 2,Correctivo,Fuga hidráulica,2.6,5200
2025-01-07,Fresadora 2,Correctivo,Sensor dañado,1.7,2040
2025-01-08,Fresadora 2,Correctivo,Sobrecalentamiento motor,0.7,840
2025-01-09,Torno CNC 2,Correctivo,Fallo eléctrico,2.9,4350
2025-01-09,Cortadora láser,Correctivo,Fallo eléctrico,3.6,10080
2025-01-09,Torno CNC 2,Correctivo,Fuga hidráulica,1.5,2250
2025-01-09,Torno CNC 1,Correctivo,Sensor dañado,3.6,5400
2025-01-11,Prensa 2,Correctivo,Fuga hidráulica,2.2,4400
2025-01-12,Fresadora 2,Correctivo,Fuga hidráulica,2.8,3360
2025-01-12,Prensa 1,Correctivo,Rotura de correa,1.2,2160
2025-01-12,Prensa 1,Correctivo,Sobrecalentamiento motor,2.9,5220
2025-01-12,Fresadora 1,Correctivo,Desgaste de herramienta,0.4,480
2025-01-13,Prensa 1,Correctivo,Fuga hidráulica,0.4,720
2025-01-14,Torno CNC 2,Correctivo,Fallo de lubricación,2.7,4050
2025-01-14,Prensa 1,Correctivo,Desalineación,0.8,1440
2025-01-15,Robot soldadura,Correctivo,Sobrecalentamiento motor,0.7,1540
2025-01-15,Torno CNC 1,Correctivo,Desgaste de herramienta,0.6,900
2025-01-15,Fresadora 2,Correctivo,Rotura de correa,0.6,720
2025-01-17,Cortadora láser,Correctivo,Error de PLC,1.2,3360
2025-01-17,Cortadora láser,Correctivo,Fallo eléctrico,3.7,10360
2025-01-18,Torno CNC 2,Correctivo,Sobrecalentamiento motor,1.5,2250
2025-01-18,Plegadora 1,Correctivo,Desalineación,0.5,450
2025-01-19,Plegadora 1,Correctivo,Fallo eléctrico,2.4,2160
2025-01-19,Robot soldadura,Correctivo,Desgaste de herramienta,2.6,5720
2025-01-19,Robot soldadura,Correctivo,Desalineación,3.9,8580
2025-01-20,Cortadora láser,Correctivo,Fallo de lubricación,3.9,10920
2025-01-20,Prensa 1,Correctivo,Desgaste de herramienta,4.0,7200
2025-01-20,Torno CNC 1,Correctivo,Fuga hidráulica,3.8,5700
2025-01-20,Torno CNC 2,Correctivo,Sensor dañado,1.2,1800
2025-01-21,Plegadora 1,Correctivo,Rotura de correa,1.2,1080
2025-01-21,Prensa 2,Correctivo,Fallo neumático,1.2,2400
2025-01-21,Torno CNC 2,Correctivo,Desalineación,1.4,2100
2025-01-21,Torno CNC 1,Correctivo,Sensor dañado,1.4,2100
2025-01-22,Plegadora 1,Correctivo,Fallo eléctrico,2.9,2610
2025-01-22,Robot soldadura,Correctivo,Fallo de lubricación,2.3,5060
2025-01-23,Prensa 1,Correctivo,Error de PLC,3.4,6120
2025-01-23,Fresadora 2,Correctivo,Rotura de correa,1.8,2160
2025-01-23,Prensa 1,Correctivo,Fallo neumático,2.5,4500
2025-01-24,Plegadora 1,Correctivo,Error de PLC,3.0,2700
2025-01-25,Cortadora láser,Correctivo,Rotura de correa,2.9,8120
2025-01-25,Fresadora 1,Correctivo,Fuga hidráulica,1.9,2280
2025-01-25,Torno CNC 2,Correctivo,Sobrecalentamiento motor,3.5,5250
2025-01-25,Cortadora láser,Correctivo,Desalineación,0.3,840
2025-01-26,Prensa 3,Correctivo,Rodamiento cilindro hidráulico,4.2,10080
2025-01-26,Torno CNC 1,Correctivo,Fallo neumático,3.6,5400
2025-01-26,Cortadora láser,Correctivo,Desalineación,0.9,2520
2025-01-26,Prensa 1,Correctivo,Fallo de lubricación,1.5,2700
2025-01-26,Prensa 2,Correctivo,Fuga hidráulica,1.4,2800
2025-01-26,Robot soldadura,Correctivo,Sensor dañado,1.7,3740
2025-01-26,Fresadora 1,Correctivo,Fuga hidráulica,2.9,3480
2025-01-26,Fresadora 1,Correctivo,Sensor dañado,2.4,2880
2025-01-26,Torno CNC 2,Correctivo,Sobrecalentamiento motor,1.4,2100
2025-01-26,Cortadora láser,Correctivo,Desgaste de herramienta,1.0,2800
2025-01-27,Prensa 3,Correctivo,Sensor dañado,2.6,6240
2025-01-27,Robot soldadura,Correctivo,Error de PLC,2.1,4620
2025-01-27,Torno CNC 1,Correctivo,Fallo eléctrico,1.4,2100
2025-01-27,Torno CNC 1,Correctivo,Fallo eléctrico,0.3,450
2025-01-28,Cortadora láser,Correctivo,Fallo eléctrico,1.2,3360
2025-01-29,Prensa 1,Correctivo,Sobrecalentamiento motor,1.7,3060
2025-01-29,Robot soldadura,Correctivo,Fallo neumático,2.2,4840
2025-01-30,Torno CNC 2,Correctivo,Fuga hidráulica,1.6,2400
2025-01-30,Cortadora láser,Correctivo,Sobrecalentamiento motor,3.3,9240
2025-01-30,Plegadora 1,Correctivo,Desgaste de herramienta,1.0,900
2025-01-31,Fresadora 2,Correctivo,Rotura de correa,3.5,4200
2025-01-31,Cortadora láser,Correctivo,Fallo de lubricación,4.0,11200
2025-01-31,Plegadora 1,Correctivo,Fallo neumático,0.6,540
2025-02-01,Prensa 2,Correctivo,Desalineación,1.4,2800
2025-02-01,Torno CNC 2,Correctivo,Sensor dañado,2.7,4050
2025-02-01,Torno CNC 1,Correctivo,Sobrecalentamiento motor,2.5,3750
2025-02-02,Robot soldadura,Correctivo,Fallo neumático,2.7,5940
2025-02-02,Fresadora 1,Correctivo,Error de PLC,2.1,2520
2025-02-03,Fresadora 2,Correctivo,Fallo eléctrico,1.1,1320
2025-02-05,Fresadora 2,Correctivo,Fuga hidráulica,0.5,600
2025-02-05,Torno CNC 1,Correctivo,Fallo de lubricación,3.1,4650
2025-02-05,Fresadora 2,Correctivo,Error de PLC,1.6,1920
2025-02-05,Plegadora 1,Correctivo,Sensor dañado,1.1,990
2025-02-06,Prensa 1,Correctivo,Fallo neumático,0.4,720
2025-02-06,Prensa 2,Correctivo,Fallo neumático,2.0,4000
2025-02-06,Prensa 2,Correctivo,Desalineación,1.7,3400
2025-02-06,Fresadora 2,Correctivo,Desalineación,1.8,2160
2025-02-06,Prensa 2,Correctivo,Rotura de correa,4.0,8000
2025-02-06,Prensa 1,Correctivo,Desgaste de herramienta,0.7,1260
2025-02-07,Torno CNC 2,Correctivo,Rotura de correa,4.0,6000
2025-02-07,Prensa 1,Correctivo,Fallo de lubricación,2.8,5040
2025-02-07,Fresadora 1,Correctivo,Sobrecalentamiento motor,0.6,720
2025-02-08,Fresadora 2,Correctivo,Rotura de correa,2.5,3000
2025-02-08,Prensa 2,Correctivo,Fallo de lubricación,1.9,3800
2025-02-08,Torno CNC 1,Correctivo,Sensor dañado,1.2,1800
2025-02-08,Cortadora láser,Correctivo,Rotura de correa,0.7,1959
2025-02-09,Torno CNC 1,Correctivo,Fallo eléctrico,3.9,5850
2025-02-09,Fresadora 1,Correctivo,Rotura de correa,2.9,3480
2025-02-10,Cortadora láser,Correctivo,Fallo neumático,1.6,4480
2025-02-10,Fresadora 2,Correctivo,Fallo neumático,1.3,1560
2025-02-11,Prensa 1,Correctivo,Sensor dañado,3.4,6120
2025-02-11,Fresadora 2,Correctivo,Sobrecalentamiento motor,3.9,4680
2025-02-11,Cortadora láser,Correctivo,Fuga hidráulica,1.7,4760
2025-02-11,Plegadora 1,Correctivo,Error de PLC,3.0,2700
2025-02-11,Cortadora láser,Correctivo,Sensor dañado,1.4,3919
2025-02-12,Fresadora 2,Correctivo,Sensor dañado,3.5,4200
2025-02-13,Fresadora 1,Correctivo,Fuga hidráulica,3.4,4080
2025-02-14,Prensa 3,Correctivo,Fallo eléctrico,1.1,2640
2025-02-14,Fresadora 1,Correctivo,Fallo de lubricación,2.5,3000
2025-02-14,Robot soldadura,Correctivo,Fallo neumático,2.2,4840
2025-02-15,Plegadora 1,Correctivo,Rotura de correa,2.9,2610
2025-02-15,Robot soldadura,Correctivo,Fallo de lubricación,1.1,2420
2025-02-15,Fresadora 1,Correctivo,Sensor dañado,0.3,360
2025-02-15,Prensa 2,Correctivo,Error de PLC,1.4,2800
2025-02-15,Torno CNC 1,Correctivo,Fallo de lubricación,3.0,4500
2025-02-15,Plegadora 1,Correctivo,Fallo eléctrico,2.6,2340
2025-02-15,Cortadora láser,Correctivo,Fallo de lubricación,0.3,840
2025-02-16,Plegadora 1,Correctivo,Error de PLC,3.5,3150
2025-02-16,Prensa 2,Correctivo,Desalineación,1.7,3400
2025-02-16,Torno CNC 2,Correctivo,Desgaste de herramienta,3.2,4800
2025-02-16,Fresadora 1,Correctivo,Error de PLC,2.5,3000
2025-02-16,Plegadora 1,Correctivo,Fallo neumático,1.5,1350
2025-02-17,Prensa 1,Correctivo,Sensor dañado,2.2,3960
2025-02-17,Robot soldadura,Correctivo,Fallo eléctrico,0.7,1540
2025-02-17,Plegadora 1,Correctivo,Fallo neumático,0.7,630
2025-02-17,Prensa 2,Correctivo,Desgaste de herramienta,3.0,6000
2025-02-17,Plegadora 1,Correctivo,Rotura de correa,0.7,630
2025-02-17,Torno CNC 1,Correctivo,Desalineación,1.9,2850
2025-02-18,Fresadora 2,Correctivo,Desalineación,3.1,3720
2025-02-18,Torno CNC 1,Correctivo,Sensor dañado,2.5,3750
2025-02-19,Prensa 2,Correctivo,Error de PLC,2.0,4000
2025-02-19,Prensa 1,Correctivo,Fallo eléctrico,3.1,5580
2025-02-20,Prensa 3,Correctivo,Sensor dañado,0.7,1680
2025-02-20,Fresadora 1,Correctivo,Desalineación,2.4,2880
2025-02-21,Fresadora 1,Correctivo,Fallo de lubricación,2.9,3480
2025-02-21,Fresadora 1,Correctivo,Sobrecalentamiento motor,0.3,360
2025-02-21,Plegadora 1,Correctivo,Desgaste de herramienta,2.1,1890
2025-02-22,Prensa 3,Correctivo,Error de PLC,0.9,2160
2025-02-22,Fresadora 1,Correctivo,Error de PLC,3.6,4320
2025-02-22,Cortadora láser,Correctivo,Desgaste de herramienta,3.9,10920
2025-02-22,Plegadora 1,Correctivo,Desalineación,1.3,1170
2025-02-22,Prensa 2,Correctivo,Fallo de lubricación,3.1,6200
2025-02-23,Torno CNC 2,Correctivo,Fuga hidráulica,2.8,4200
2025-02-23,Cortadora láser,Correctivo,Fallo eléctrico,0.5,1400
2025-02-24,Cortadora láser,Correctivo,Fallo de lubricación,1.4,3919
2025-02-24,Plegadora 1,Correctivo,Sensor dañado,2.3,2070
2025-02-24,Prensa 1,Correctivo,Rotura de correa,3.2,5760
2025-02-25,Torno CNC 2,Correctivo,Desalineación,3.6,5400
2025-02-25,Prensa 2,Correctivo,Fallo neumático,2.7,5400
2025-02-26,Torno CNC 2,Correctivo,Sobrecalentamiento motor,3.0,4500
2025-02-27,Fresadora 1,Correctivo,Desalineación,1.8,2160
2025-02-27,Prensa 1,Correctivo,Fuga hidráulica,2.7,4860
2025-02-27,Torno CNC 1,Correctivo,Error de PLC,3.9,5850
2025-02-28,Prensa 1,Correctivo,Fallo de lubricación,4.0,7200
2025-03-01,Prensa 3,Correctivo,Fuga hidráulica,2.2,5280
2025-03-01,Plegadora 1,Correctivo,Rotura de correa,1.8,1620
2025-03-01,Plegadora 1,Correctivo,Rotura de correa,3.5,3150
2025-03-04,Fresadora 2,Correctivo,Sensor dañado,0.6,720
2025-03-04,Prensa 1,Correctivo,Sobrecalentamiento motor,0.8,1440
2025-03-05,Prensa 3,Correctivo,Fallo de lubricación,1.0,2400
2025-03-05,Robot soldadura,Correctivo,Fallo de lubricación,3.1,6820
2025-03-05,Fresadora 2,Correctivo,Rotura de correa,3.8,4560
2025-03-06,Fresadora 1,Correctivo,Fallo eléctrico,3.6,4320
2025-03-06,Torno CNC 2,Correctivo,Rotura de correa,0.6,900
2025-03-06,Plegadora 1,Correctivo,Desalineación,3.3,2970
2025-03-07,Robot soldadura,Correctivo,Desalineación,2.2,4840
2025-03-07,Robot soldadura,Correctivo,Sensor dañado,3.2,7040
2025-03-07,Robot soldadura,Correctivo,Desalineación,3.3,7260
2025-03-07,Plegadora 1,Correctivo,Desalineación,2.8,2520
2025-03-08,Robot soldadura,Correctivo,Sensor dañado,3.1,6820
2025-03-08,Prensa 1,Correctivo,Error de PLC,0.6,1080
2025-03-08,Cortadora láser,Correctivo,Desalineación,1.3,3640
2025-03-08,Fresadora 1,Correctivo,Fallo de lubricación,1.1,1320
2025-03-09,Torno CNC 2,Correctivo,Error de PLC,0.9,1350
2025-03-09,Torno CNC 1,Correctivo,Desalineación,2.4,3600
2025-03-10,Fresadora 2,Correctivo,Fallo neumático,3.1,3720
2025-03-11,Plegadora 1,Correctivo,Rotura de correa,2.0,1800
2025-03-12,Plegadora 1,Correctivo,Sensor dañado,2.8,2520
2025-03-12,Fresadora 1,Correctivo,Desgaste de herramienta,3.1,3720
2025-03-13,Prensa 3,Correctivo,Rodamiento cilindro hidráulico,2.7,6480
2025-03-13,Prensa 3,Correctivo,Sensor dañado,1.9,4560
2025-03-13,Plegadora 1,Correctivo,Sensor dañado,2.0,1800
2025-03-14,Robot soldadura,Correctivo,Rotura de correa,3.3,7260
2025-03-14,Fresadora 1,Correctivo,Fallo neumático,2.3,2760
2025-03-14,Torno CNC 2,Correctivo,Fallo de lubricación,3.4,5100
2025-03-15,Plegadora 1,Correctivo,Fallo de lubricación,4.0,3600
2025-03-15,Prensa 2,Correctivo,Fallo eléctrico,3.5,7000
2025-03-16,Fresadora 1,Correctivo,Fallo de lubricación,1.8,2160
2025-03-17,Plegadora 1,Correctivo,Desgaste de herramienta,2.1,1890
2025-03-17,Torno CNC 2,Correctivo,Sensor dañado,1.7,2550
2025-03-18,Torno CNC 1,Correctivo,Fallo neumático,1.7,2550
2025-03-18,Robot soldadura,Correctivo,Rotura de correa,2.5,5500
2025-03-19,Prensa 1,Correctivo,Error de PLC,3.7,6660
2025-03-19,Plegadora 1,Correctivo,Fallo de lubricación,3.8,3420
2025-03-20,Torno CNC 2,Correctivo,Error de PLC,2.7,4050
2025-03-21,Prensa 2,Correctivo,Desalineación,2.0,4000
2025-03-21,Robot soldadura,Correctivo,Desalineación,0.8,1760
2025-03-21,Fresadora 1,Correctivo,Sobrecalentamiento motor,0.7,840
2025-03-22,Prensa 1,Correctivo,Sobrecalentamiento motor,3.4,6120
2025-03-22,Fresadora 2,Correctivo,Desalineación,0.5,600
2025-03-23,Plegadora 1,Correctivo,Fuga hidráulica,0.6,540
2025-03-23,Torno CNC 2,Correctivo,Fuga hidráulica,2.3,3449
2025-03-23,Robot soldadura,Correctivo,Fuga hidráulica,3.9,8580
2025-03-23,Prensa 1,Correctivo,Desalineación,1.4,2520
2025-03-25,Torno CNC 2,Correctivo,Fallo eléctrico,0.9,1350
2025-03-25,Prensa 1,Correctivo,Sensor dañado,3.5,6300
2025-03-26,Fresadora 2,Correctivo,Sobrecalentamiento motor,0.5,600
2025-03-27,Fresadora 1,Correctivo,Desalineación,3.4,4080
2025-03-27,Torno CNC 2,Correctivo,Fuga hidráulica,1.4,2100
2025-03-27,Torno CNC 1,Correctivo,Desalineación,3.7,5550
2025-03-28,Cortadora láser,Correctivo,Fuga hidráulica,0.6,1680
2025-03-28,Torno CNC 1,Correctivo,Fallo neumático,2.1,3150
2025-03-29,Prensa 2,Correctivo,Fallo neumático,0.8,1600
2025-03-30,Fresadora 2,Correctivo,Fuga hidráulica,1.3,1560
2025-03-30,Fresadora 2,Correctivo,Fallo neumático,1.4,1680
2025-03-31,Torno CNC 1,Correctivo,Fallo eléctrico,1.0,1500
2025-03-31,Torno CNC 2,Correctivo,Sobrecalentamiento motor,3.4,5100
2025-04-01,Prensa 2,Correctivo,Rotura de correa,1.5,3000
2025-04-01,Cortadora láser,Correctivo,Fallo eléctrico,1.1,3080
2025-04-01,Fresadora 1,Correctivo,Fallo neumático,3.9,4680
2025-04-01,Fresadora 2,Correctivo,Desgaste de herramienta,1.0,1200
2025-04-01,Torno CNC 1,Correctivo,Sensor dañado,3.4,5100
2025-04-01,Plegadora 1,Correctivo,Sensor dañado,1.5,1350
2025-04-01,Fresadora 2,Correctivo,Desalineación,3.7,4440
2025-04-01,Robot soldadura,Correctivo,Rotura de correa,2.9,6380
2025-04-02,Prensa 2,Correctivo,Fallo de lubricación,1.4,2800
2025-04-02,Torno CNC 2,Correctivo,Sobrecalentamiento motor,1.3,1950
2025-04-03,Prensa 2,Correctivo,Fallo de lubricación,2.4,4800
2025-04-03,Robot soldadura,Correctivo,Fallo de lubricación,3.0,6600
2025-04-03,Torno CNC 2,Correctivo,Fallo neumático,3.9,5850
2025-04-05,Plegadora 1,Correctivo,Desgaste de herramienta,2.1,1890
2025-04-06,Prensa 2,Correctivo,Fuga hidráulica,1.0,2000
2025-04-06,Torno CNC 2,Correctivo,Sensor dañado,2.3,3449
2025-04-06,Prensa 2,Correctivo,Sensor dañado,1.9,3800
2025-04-07,Plegadora 1,Correctivo,Desalineación,1.5,1350
2025-04-08,Prensa 3,Correctivo,Fallo de lubricación,1.5,3600
2025-04-08,Torno CNC 2,Correctivo,Desalineación,3.9,5850
2025-04-08,Fresadora 1,Correctivo,Fallo eléctrico,2.6,3120
2025-04-08,Torno CNC 2,Correctivo,Sensor dañado,2.9,4350
2025-04-08,Fresadora 2,Correctivo,Sobrecalentamiento motor,3.2,3840
2025-04-09,Prensa 2,Correctivo,Desgaste de herramienta,3.6,7200
2025-04-10,Prensa 2,Correctivo,Sobrecalentamiento motor,2.7,5400
2025-04-10,Prensa 1,Correctivo,Sobrecalentamiento motor,2.5,4500
2025-04-10,Torno CNC 1,Correctivo,Desalineación,3.7,5550
2025-04-10,Plegadora 1,Correctivo,Desgaste de herramienta,2.8,2520
2025-04-11,Prensa 1,Correctivo,Desgaste de herramienta,1.2,2160
2025-04-12,Prensa 1,Correctivo,Fallo eléctrico,2.0,3600
2025-04-12,Fresadora 2,Correctivo,Rotura de correa,3.1,3720
2025-04-13,Fresadora 2,Correctivo,Desalineación,2.0,2400
2025-04-13,Fresadora 1,Correctivo,Sensor dañado,2.0,2400
2025-04-13,Torno CNC 1,Correctivo,Fallo eléctrico,1.8,2700
2025-04-13,Torno CNC 2,Correctivo,Error de PLC,3.4,5100
2025-04-13,Prensa 2,Correctivo,Sensor dañado,3.2,6400
2025-04-14,Fresadora 1,Correctivo,Sensor dañado,2.9,3480
2025-04-14,Prensa 1,Correctivo,Desalineación,1.1,1980
2025-04-14,Torno CNC 1,Correctivo,Fallo neumático,0.3,450
2025-04-15,Prensa 2,Correctivo,Desalineación,0.7,1400
2025-04-16,Torno CNC 2,Correctivo,Fallo neumático,3.8,5700
2025-04-16,Torno CNC 2,Correctivo,Fallo de lubricación,1.4,2100
2025-04-16,Fresadora 1,Correctivo,Sobrecalentamiento motor,3.1,3720
2025-04-17,Robot soldadura,Correctivo,Desgaste de herramienta,3.1,6820
2025-04-17,Prensa 1,Correctivo,Fallo de lubricación,2.8,5040
2025-04-17,Torno CNC 2,Correctivo,Sobrecalentamiento motor,1.7,2550
2025-04-18,Prensa 3,Correctivo,Fallo de lubricación,1.2,2880
2025-04-18,Robot soldadura,Correctivo,Desgaste de herramienta,1.9,4180
2025-04-18,Cortadora láser,Correctivo,Fallo eléctrico,0.6,1680
2025-04-18,Cortadora láser,Correctivo,Fallo de lubricación,0.3,840
2025-04-19,Cortadora láser,Correctivo,Error de PLC,3.1,8680
2025-04-19,Prensa 1,Correctivo,Fallo de lubricación,2.7,4860
2025-04-19,Prensa 1,Correctivo,Sensor dañado,3.3,5940
2025-04-19,Torno CNC 2,Correctivo,Sobrecalentamiento motor,3.7,5550
2025-04-19,Prensa 2,Correctivo,Sobrecalentamiento motor,0.6,1200
2025-04-19,Torno CNC 2,Correctivo,Fallo de lubricación,1.9,2850
2025-04-19,Prensa 1,Correctivo,Error de PLC,1.6,2880
2025-04-20,Prensa 2,Correctivo,Desgaste de herramienta,3.6,7200
2025-04-20,Plegadora 1,Correctivo,Desalineación,3.1,2790
2025-04-21,Prensa 2,Correctivo,Sensor dañado,2.8,5600
2025-04-21,Plegadora 1,Correctivo,Sobrecalentamiento motor,0.9,810
2025-04-21,Prensa 1,Correctivo,Desgaste de herramienta,2.2,3960
2025-04-22,Prensa 2,Correctivo,Rotura de correa,3.6,7200
2025-04-22,Prensa 2,Correctivo,Desgaste de herramienta,3.3,6600
2025-04-22,Torno CNC 2,Correctivo,Desalineación,0.8,1200
2025-04-22,Plegadora 1,Correctivo,Sobrecalentamiento motor,3.5,3150
2025-04-22,Fresadora 2,Correctivo,Fuga hidráulica,2.2,2640
2025-04-23,Fresadora 1,Correctivo,Sobrecalentamiento motor,3.7,4440
2025-04-23,Torno CNC 2,Correctivo,Sensor dañado,0.8,1200
2025-04-23,Prensa 2,Correctivo,Sobrecalentamiento motor,3.4,6800
2025-04-23,Fresadora 2,Correctivo,Sensor dañado,2.4,2880
2025-04-24,Prensa 3,Correctivo,Desalineación,0.8,1920
2025-04-24,Plegadora 1,Correctivo,Fallo de lubricación,1.2,1080
2025-04-25,Fresadora 1,Correctivo,Fuga hidráulica,3.5,4200
2025-04-25,Robot soldadura,Correctivo,Rotura de correa,0.5,1100
2025-04-25,Prensa 2,Correctivo,Sensor dañado,2.7,5400
2025-04-25,Cortadora láser,Correctivo,Error de PLC,3.2,8960
2025-04-26,Robot soldadura,Correctivo,Fallo eléctrico,2.4,5280
2025-04-26,Torno CNC 1,Correctivo,Fallo eléctrico,2.4,3600
2025-04-27,Prensa 3,Correctivo,Rodamiento cilindro hidráulico,2.6,6240
2025-04-27,Fresadora 2,Correctivo,Fallo neumático,1.9,2280
2025-04-27,Torno CNC 2,Correctivo,Error de PLC,3.1,4650
2025-04-27,Cortadora láser,Correctivo,Desalineación,1.6,4480
2025-04-27,Cortadora láser,Correctivo,Sensor dañado,3.3,9240
2025-04-29,Prensa 2,Correctivo,Fallo eléctrico,3.1,6200
2025-04-29,Torno CNC 1,Correctivo,Desalineación,2.7,4050
2025-04-29,Prensa 2,Correctivo,Fallo neumático,2.6,5200
2025-05-01,Fresadora 2,Correctivo,Desalineación,2.3,2760
2025-05-01,Robot soldadura,Correctivo,Error de PLC,0.4,880
2025-05-01,Fresadora 2,Correctivo,Desalineación,2.0,2400
2025-05-02,Torno CNC 2,Correctivo,Fallo de lubricación,3.4,5100
2025-05-02,Fresadora 1,Correctivo,Fallo eléctrico,1.7,2040
2025-05-02,Robot soldadura,Correctivo,Fallo eléctrico,2.7,5940
2025-05-02,Fresadora 2,Correctivo,Sensor dañado,1.9,2280
2025-05-03,Fresadora 1,Correctivo,Sensor dañado,3.3,3960
2025-05-03,Torno CNC 1,Correctivo,Sobrecalentamiento motor,3.8,5700
2025-05-03,Torno CNC 1,Correctivo,Desgaste de herramienta,2.0,3000
2025-05-04,Torno CNC 2,Correctivo,Sobrecalentamiento motor,1.0,1500
2025-05-06,Robot soldadura,Correctivo,Fallo neumático,1.9,4180
2025-05-06,Fresadora 1,Correctivo,Sensor dañado,1.6,1920
2025-05-07,Plegadora 1,Correctivo,Fallo de lubricación,1.9,1710
2025-05-07,Prensa 1,Correctivo,Desgaste de herramienta,1.0,1800
2025-05-08,Torno CNC 2,Correctivo,Fuga hidráulica,1.3,1950
2025-05-08,Torno CNC 1,Correctivo,Fuga hidráulica,1.6,2400
2025-05-09,Fresadora 2,Correctivo,Fallo eléctrico,0.7,840
2025-05-09,Cortadora láser,Correctivo,Desgaste de herramienta,0.6,1680
2025-05-10,Plegadora 1,Correctivo,Sensor dañado,2.4,2160
2025-05-10,Cortadora láser,Correctivo,Fuga hidráulica,1.6,4480
2025-05-12,Torno CNC 2,Correctivo,Error de PLC,1.5,2250
2025-05-12,Torno CNC 2,Correctivo,Rotura de correa,0.7,1050
2025-05-13,Prensa 2,Correctivo,Fallo neumático,2.2,4400
2025-05-14,Prensa 3,Correctivo,Rotura de correa,2.7,6480
2025-05-14,Torno CNC 1,Correctivo,Error de PLC,2.2,3300
2025-05-14,Torno CNC 1,Correctivo,Desalineación,1.7,2550
2025-05-14,Cortadora láser,Correctivo,Error de PLC,2.1,5880
2025-05-14,Prensa 1,Correctivo,Fallo de lubricación,0.9,1620
2025-05-15,Fresadora 1,Correctivo,Desgaste de herramienta,2.2,2640
2025-05-15,Torno CNC 2,Correctivo,Desalineación,3.4,5100
2025-05-15,Plegadora 1,Correctivo,Fallo de lubricación,3.7,3330
2025-05-16,Cortadora láser,Correctivo,Desalineación,0.9,2520
2025-05-16,Prensa 1,Correctivo,Rotura de correa,3.3,5940
2025-05-17,Fresadora 1,Correctivo,Fallo neumático,1.2,1440
2025-05-17,Torno CNC 1,Correctivo,Fallo neumático,1.3,1950
2025-05-17,Robot soldadura,Correctivo,Fuga hidráulica,2.4,5280
2025-05-18,Prensa 2,Correctivo,Desalineación,3.4,6800
2025-05-19,Plegadora 1,Correctivo,Sobrecalentamiento motor,0.4,360
2025-05-20,Torno CNC 2,Correctivo,Fallo neumático,3.2,4800
2025-05-20,Prensa 2,Correctivo,Sensor dañado,2.3,4600
2025-05-21,Fresadora 2,Correctivo,Fallo de lubricación,0.7,840
2025-05-22,Plegadora 1,Correctivo,Fallo eléctrico,2.7,2430
2025-05-22,Fresadora 1,Correctivo,Sensor dañado,0.8,960
2025-05-24,Torno CNC 2,Correctivo,Fallo neumático,0.3,450
2025-05-25,Prensa 1,Correctivo,Desalineación,2.8,5040
2025-05-25,Fresadora 1,Correctivo,Fallo neumático,2.6,3120
2025-05-25,Torno CNC 2,Correctivo,Rotura de correa,2.9,4350
2025-05-26,Torno CNC 2,Correctivo,Rotura de correa,2.0,3000
2025-05-26,Robot soldadura,Correctivo,Fallo de lubricación,0.9,1980
2025-05-26,Fresadora 2,Correctivo,Desalineación,3.2,3840
2025-05-27,Prensa 2,Correctivo,Sobrecalentamiento motor,0.6,1200
2025-05-27,Robot soldadura,Correctivo,Fallo neumático,3.6,7920
2025-05-27,Prensa 1,Correctivo,Fallo eléctrico,3.4,6120
2025-05-28,Cortadora láser,Correctivo,Error de PLC,0.5,1400
2025-05-28,Cortadora láser,Correctivo,Rotura de correa,3.1,8680
2025-05-28,Prensa 2,Correctivo,Fallo neumático,2.3,4600
2025-05-29,Robot soldadura,Correctivo,Rotura de correa,3.9,8580
2025-05-29,Cortadora láser,Correctivo,Sobrecalentamiento motor,2.5,7000
2025-05-30,Torno CNC 1,Correctivo,Sobrecalentamiento motor,1.8,2700
2025-05-31,Robot soldadura,Correctivo,Fallo neumático,2.9,6380
2025-06-03,Prensa 3,Correctivo,Error de PLC,2.4,5760
2025-06-03,Plegadora 1,Correctivo,Desalineación,3.3,2970
2025-06-03,Torno CNC 2,Correctivo,Error de PLC,0.9,1350
2025-06-04,Torno CNC 1,Correctivo,Desalineación,3.7,5550
2025-06-04,Robot soldadura,Correctivo,Fallo neumático,1.9,4180
2025-06-04,Torno CNC 2,Correctivo,Fuga hidráulica,3.1,4650
2025-06-06,Robot soldadura,Correctivo,Desalineación,3.2,7040
2025-06-06,Fresadora 1,Correctivo,Fallo de lubricación,2.7,3240
2025-06-06,Plegadora 1,Correctivo,Fallo eléctrico,3.2,2880
2025-06-07,Torno CNC 1,Correctivo,Fallo eléctrico,3.4,5100
2025-06-07,Torno CNC 1,Correctivo,Error de PLC,1.5,2250
2025-06-07,Fresadora 2,Correctivo,Sobrecalentamiento motor,2.8,3360
2025-06-08,Prensa 3,Correctivo,Rodamiento cilindro hidráulico,3.0,7200
2025-06-08,Torno CNC 1,Correctivo,Fallo de lubricación,2.3,3449
2025-06-09,Plegadora 1,Correctivo,Sobrecalentamiento motor,1.6,1440
2025-06-09,Plegadora 1,Correctivo,Fallo eléctrico,2.0,1800
2025-06-09,Prensa 2,Correctivo,Desalineación,1.4,2800
2025-06-09,Cortadora láser,Correctivo,Error de PLC,3.4,9520
2025-06-09,Cortadora láser,Correctivo,Sobrecalentamiento motor,1.3,3640
2025-06-10,Prensa 1,Correctivo,Rotura de correa,0.6,1080
2025-06-10,Robot soldadura,Correctivo,Rotura de correa,0.3,660
2025-06-11,Prensa 2,Correctivo,Desgaste de herramienta,1.3,2600
2025-06-11,Robot soldadura,Correctivo,Fallo eléctrico,1.7,3740
2025-06-11,Prensa 1,Correctivo,Rotura de correa,1.1,1980
2025-06-12,Fresadora 1,Correctivo,Fallo eléctrico,2.2,2640
2025-06-12,Cortadora láser,Correctivo,Fuga hidráulica,2.9,8120
2025-06-13,Fresadora 2,Correctivo,Sobrecalentamiento motor,3.1,3720
2025-06-13,Prensa 1,Correctivo,Fallo de lubricación,3.6,6480
2025-06-13,Plegadora 1,Correctivo,Desalineación,0.8,720
2025-06-13,Cortadora láser,Correctivo,Desalineación,2.2,6160
2025-06-13,Robot soldadura,Correctivo,Fallo de lubricación,2.8,6160
2025-06-14,Fresadora 2,Correctivo,Rotura de correa,3.9,4680
2025-06-14,Robot soldadura,Correctivo,Fallo de lubricación,1.5,3300
2025-06-14,Prensa 2,Correctivo,Fuga hidráulica,2.4,4800
2025-06-15,Plegadora 1,Correctivo,Fallo eléctrico,0.7,630
2025-06-15,Robot soldadura,Correctivo,Sobrecalentamiento motor,2.8,6160
2025-06-15,Fresadora 1,Correctivo,Error de PLC,0.8,960
2025-06-15,Plegadora 1,Correctivo,Desalineación,2.7,2430
2025-06-16,Fresadora 2,Correctivo,Fallo eléctrico,3.4,4080
2025-06-16,Cortadora láser,Correctivo,Fallo eléctrico,2.4,6720
2025-06-17,Prensa 2,Correctivo,Fallo eléctrico,1.6,3200
2025-06-17,Torno CNC 1,Correctivo,Fuga hidráulica,0.6,900
2025-06-17,Torno CNC 1,Correctivo,Rotura de correa,0.6,900
2025-06-17,Fresadora 2,Correctivo,Sensor dañado,3.6,4320
2025-06-17,Cortadora láser,Correctivo,Fallo neumático,2.3,6439
2025-06-18,Prensa 3,Correctivo,Sobrecalentamiento motor,1.0,2400
2025-06-18,Fresadora 1,Correctivo,Fuga hidráulica,0.9,1080
2025-06-19,Cortadora láser,Correctivo,Fallo de lubricación,2.8,7839
2025-06-19,Fresadora 1,Correctivo,Fallo de lubricación,0.5,600
2025-06-19,Prensa 1,Correctivo,Desalineación,1.0,1800
2025-06-20,Torno CNC 1,Correctivo,Fallo de lubricación,2.0,3000
2025-06-20,Torno CNC 2,Correctivo,Rotura de correa,1.2,1800
2025-06-20,Torno CNC 2,Correctivo,Rotura de correa,1.0,1500
2025-06-20,Prensa 2,Correctivo,Sobrecalentamiento motor,0.7,1400
2025-06-21,Prensa 1,Correctivo,Error de PLC,2.0,3600
2025-06-21,Robot soldadura,Correctivo,Sobrecalentamiento motor,2.0,4400
2025-06-21,Prensa 2,Correctivo,Sensor dañado,1.3,2600
2025-06-22,Prensa 1,Correctivo,Rotura de correa,2.1,3780
2025-06-22,Robot soldadura,Correctivo,Fuga hidráulica,3.0,6600
2025-06-22,Torno CNC 2,Correctivo,Sobrecalentamiento motor,2.4,3600
2025-06-22,Cortadora láser,Correctivo,Fuga hidráulica,1.5,4200
2025-06-23,Prensa 2,Correctivo,Desalineación,1.1,2200
2025-06-23,Prensa 2,Correctivo,Sensor dañado,3.3,6600
2025-06-24,Torno CNC 2,Correctivo,Fallo de lubricación,0.4,600
2025-06-25,Cortadora láser,Correctivo,Desalineación,3.8,10640
2025-06-26,Cortadora láser,Correctivo,Rotura de correa,2.3,6439
2025-06-28,Plegadora 1,Correctivo,Sensor dañado,1.6,1440
2025-06-28,Plegadora 1,Correctivo,Sensor dañado,1.4,1260
2025-06-29,Torno CNC 2,Correctivo,Sobrecalentamiento motor,0.4,600
2025-06-30,Fresadora 1,Correctivo,Fallo eléctrico,1.6,1920
2025-07-01,Fresadora 1,Correctivo,Sobrecalentamiento motor,2.2,2640
2025-07-01,Torno CNC 2,Correctivo,Desalineación,1.0,1500
2025-07-03,Robot soldadura,Correctivo,Error de PLC,3.9,8580
2025-07-03,Torno CNC 1,Correctivo,Rotura de correa,0.9,1350
2025-07-03,Cortadora láser,Correctivo,Desalineación,0.4,1120
2025-07-03,Prensa 1,Correctivo,Fallo neumático,1.3,2340
2025-07-03,Prensa 2,Correctivo,Fallo de lubricación,3.2,6400
2025-07-04,Torno CNC 2,Correctivo,Desalineación,3.1,4650
2025-07-04,Plegadora 1,Correctivo,Fallo eléctrico,0.3,270
2025-07-06,Torno CNC 2,Correctivo,Desalineación,1.8,2700
2025-07-07,Prensa 3,Correctivo,Error de PLC,2.5,6000
2025-07-07,Fresadora 2,Correctivo,Fallo neumático,2.2,2640
2025-07-07,Torno CNC 2,Correctivo,Desgaste de herramienta,3.5,5250
2025-07-07,Prensa 1,Correctivo,Desgaste de herramienta,2.8,5040
2025-07-08,Torno CNC 1,Correctivo,Fallo de lubricación,3.9,5850
2025-07-08,Plegadora 1,Correctivo,Fallo de lubricación,3.2,2880
2025-07-08,Prensa 1,Correctivo,Fallo neumático,3.4,6120
2025-07-09,Robot soldadura,Correctivo,Fuga hidráulica,0.9,1980
2025-07-10,Fresadora 1,Correctivo,Fallo neumático,1.0,1200
2025-07-10,Prensa 1,Correctivo,Desgaste de herramienta,1.9,3420
2025-07-11,Cortadora láser,Correctivo,Desalineación,1.9,5320
2025-07-12,Prensa 2,Correctivo,Fallo de lubricación,2.2,4400
2025-07-12,Fresadora 1,Correctivo,Fallo de lubricación,0.6,720
2025-07-14,Prensa 1,Correctivo,Sensor dañado,1.2,2160
2025-07-14,Plegadora 1,Correctivo,Fallo eléctrico,2.1,1890
2025-07-14,Cortadora láser,Correctivo,Desgaste de herramienta,3.3,9240
2025-07-15,Plegadora 1,Correctivo,Fuga hidráulica,2.1,1890
2025-07-15,Cortadora láser,Correctivo,Fallo eléctrico,3.5,9800
2025-07-16,Prensa 1,Correctivo,Desgaste de herramienta,1.2,2160
2025-07-16,Fresadora 1,Correctivo,Fuga hidráulica,2.0,2400
2025-07-17,Fresadora 2,Correctivo,Sobrecalentamiento motor,2.8,3360
2025-07-18,Prensa 2,Correctivo,Error de PLC,3.4,6800
2025-07-18,Fresadora 2,Correctivo,Fallo neumático,3.5,4200
2025-07-18,Torno CNC 1,Correctivo,Rotura de correa,2.4,3600
2025-07-18,Torno CNC 2,Correctivo,Fallo neumático,2.5,3750
2025-07-19,Prensa 3,Correctivo,Fallo de lubricación,2.7,6480
2025-07-19,Torno CNC 1,Correctivo,Sensor dañado,3.6,5400
2025-07-19,Fresadora 2,Correctivo,Sobrecalentamiento motor,0.9,1080
2025-07-19,Fresadora 1,Correctivo,Rotura de correa,1.7,2040
2025-07-19,Torno CNC 2,Correctivo,Desgaste de herramienta,3.7,5550
2025-07-20,Robot soldadura,Correctivo,Fallo de lubricación,3.2,7040
2025-07-22,Prensa 2,Correctivo,Sensor dañado,1.9,3800
2025-07-22,Prensa 2,Correctivo,Sensor dañado,1.8,3600
2025-07-23,Prensa 3,Correctivo,Sobrecalentamiento motor,0.9,2160
2025-07-23,Torno CNC 2,Correctivo,Fuga hidráulica,2.6,3900
2025-07-23,Prensa 2,Correctivo,Fallo neumático,3.7,7400
2025-07-24,Prensa 3,Correctivo,Rodamiento cilindro hidráulico,4.0,9600
2025-07-24,Torno CNC 1,Correctivo,Fallo neumático,0.7,1050
2025-07-24,Cortadora láser,Correctivo,Fallo de lubricación,0.6,1680
2025-07-25,Prensa 3,Correctivo,Desalineación,1.0,2400
2025-07-25,Fresadora 1,Correctivo,Fallo eléctrico,0.6,720
2025-07-25,Robot soldadura,Correctivo,Fallo de lubricación,1.0,2200
2025-07-25,Torno CNC 1,Correctivo,Rotura de correa,1.8,2700
2025-07-25,Prensa 2,Correctivo,Desalineación,2.3,4600
2025-07-26,Prensa 1,Correctivo,Fallo neumático,3.5,6300
2025-07-26,Cortadora láser,Correctivo,Fallo neumático,2.0,5600
2025-07-26,Torno CNC 1,Correctivo,Desgaste de herramienta,0.6,900
2025-07-27,Prensa 3,Correctivo,Fallo neumático,0.9,2160
2025-07-27,Fresadora 2,Correctivo,Desgaste de herramienta,3.4,4080
2025-07-30,Fresadora 1,Correctivo,Rotura de correa,0.7,840
2025-07-31,Robot soldadura,Correctivo,Error de PLC,2.6,5720
2025-07-31,Fresadora 1,Correctivo,Fuga hidráulica,3.1,3720
2025-08-02,Prensa 1,Correctivo,Sobrecalentamiento motor,1.3,2340
2025-08-04,Torno CNC 1,Correctivo,Sensor dañado,1.4,2100
2025-08-04,Cortadora láser,Correctivo,Fallo neumático,0.4,1120
2025-08-05,Robot soldadura,Correctivo,Fallo neumático,0.9,1980
2025-08-05,Plegadora 1,Correctivo,Sobrecalentamiento motor,0.6,540
2025-08-07,Fresadora 2,Correctivo,Error de PLC,1.7,2040
2025-08-07,Robot soldadura,Correctivo,Fuga hidráulica,3.1,6820
2025-08-08,Prensa 1,Correctivo,Sensor dañado,2.0,3600
2025-08-09,Fresadora 1,Correctivo,Fallo neumático,1.1,1320
2025-08-09,Cortadora láser,Correctivo,Sensor dañado,2.4,6720
2025-08-09,Plegadora 1,Correctivo,Sensor dañado,1.0,900
2025-08-09,Prensa 2,Correctivo,Fallo eléctrico,3.1,6200
2025-08-11,Prensa 1,Correctivo,Sensor dañado,0.5,900
2025-08-11,Prensa 1,Correctivo,Error de PLC,2.4,4320
2025-08-11,Fresadora 2,Correctivo,Error de PLC,2.5,3000
2025-08-11,Cortadora láser,Correctivo,Desalineación,1.9,5320
2025-08-12,Prensa 2,Correctivo,Fuga hidráulica,1.8,3600
2025-08-12,Prensa 1,Correctivo,Sensor dañado,1.3,2340
2025-08-13,Plegadora 1,Correctivo,Desgaste de herramienta,2.6,2340
2025-08-13,Torno CNC 2,Correctivo,Rotura de correa,3.9,5850
2025-08-13,Plegadora 1,Correctivo,Desalineación,1.5,1350
2025-08-14,Fresadora 2,Correctivo,Fallo de lubricación,0.5,600
2025-08-15,Torno CNC 1,Correctivo,Rotura de correa,2.5,3750
2025-08-15,Prensa 1,Correctivo,Sensor dañado,2.8,5040
2025-08-15,Cortadora láser,Correctivo,Fallo de lubricación,2.7,7560
2025-08-16,Torno CNC 2,Correctivo,Fuga hidráulica,2.8,4200
2025-08-17,Torno CNC 1,Correctivo,Rotura de correa,0.9,1350
2025-08-17,Plegadora 1,Correctivo,Fallo neumático,1.8,1620
2025-08-18,Plegadora 1,Correctivo,Sensor dañado,2.1,1890
2025-08-18,Torno CNC 1,Correctivo,Fallo neumático,0.5,750
2025-08-18,Fresadora 2,Correctivo,Sensor dañado,2.5,3000
2025-08-19,Torno CNC 1,Correctivo,Sensor dañado,2.2,3300
2025-08-20,Robot soldadura,Correctivo,Desgaste de herramienta,1.0,2200
2025-08-20,Plegadora 1,Correctivo,Error de PLC,2.0,1800
2025-08-20,Cortadora láser,Correctivo,Sobrecalentamiento motor,0.6,1680
2025-08-20,Fresadora 1,Correctivo,Sensor dañado,2.7,3240
2025-08-20,Fresadora 1,Correctivo,Fallo eléctrico,3.4,4080
2025-08-21,Torno CNC 1,Correctivo,Fallo de lubricación,3.3,4950
2025-08-22,Plegadora 1,Correctivo,Desgaste de herramienta,2.9,2610
2025-08-22,Robot soldadura,Correctivo,Desgaste de herramienta,2.4,5280
2025-08-22,Fresadora 1,Correctivo,Sobrecalentamiento motor,2.0,2400
2025-08-23,Torno CNC 2,Correctivo,Rotura de correa,2.1,3150
2025-08-23,Cortadora láser,Correctivo,Desgaste de herramienta,3.1,8680
2025-08-23,Cortadora láser,Correctivo,Fallo neumático,2.6,7280
2025-08-23,Fresadora 2,Correctivo,Rotura de correa,1.8,2160
2025-08-25,Fresadora 1,Correctivo,Rotura de correa,3.8,4560
2025-08-25,Fresadora 1,Correctivo,Error de PLC,0.4,480
2025-08-26,Prensa 3,Correctivo,Sensor dañado,2.0,4800
2025-08-26,Fresadora 1,Correctivo,Fallo neumático,0.6,720
2025-08-26,Fresadora 2,Correctivo,Desalineación,2.5,3000
2025-08-26,Torno CNC 1,Correctivo,Desgaste de herramienta,1.2,1800
2025-08-26,Torno CNC 1,Correctivo,Fallo eléctrico,0.9,1350
2025-08-27,Robot soldadura,Correctivo,Error de PLC,2.6,5720
2025-08-27,Prensa 1,Correctivo,Fuga hidráulica,1.1,1980
2025-08-27,Fresadora 2,Correctivo,Error de PLC,1.4,1680
2025-08-27,Fresadora 1,Correctivo,Fallo de lubricación,0.4,480
2025-08-28,Prensa 1,Correctivo,Desgaste de herramienta,2.2,3960
2025-08-29,Prensa 2,Correctivo,Fallo eléctrico,1.1,2200
2025-08-29,Cortadora láser,Correctivo,Desgaste de herramienta,1.9,5320
2025-08-30,Torno CNC 2,Correctivo,Desgaste de herramienta,1.4,2100
2025-08-30,Plegadora 1,Correctivo,Rotura de correa,1.4,1260
2025-08-31,Robot soldadura,Correctivo,Sobrecalentamiento motor,1.7,3740
2025-08-31,Torno CNC 1,Correctivo,Rotura de correa,3.7,5550
2025-08-31,Plegadora 1,Correctivo,Desgaste de herramienta,3.0,2700
2025-08-31,Torno CNC 1,Correctivo,Error de PLC,0.6,900
