orden_produccion,descripcion,fecha_necesidad,referencia,cantidad_necesaria
OP-2026-087,Bastidor máquina envasadora,2026-09-25,REF-001,8
OP-2026-087,Bastidor máquina envasadora,2026-09-25,REF-002,24
OP-2026-087,Bastidor máquina envasadora,2026-09-25,REF-030,16
OP-2026-087,Bastidor máquina envasadora,2026-09-25,REF-003,120
OP-2026-087,Bastidor máquina envasadora,2026-09-25,REF-004,120
OP-2026-087,Bastidor máquina envasadora,2026-09-25,REF-005,120
OP-2026-087,Bastidor máquina envasadora,2026-09-25,REF-008,5
OP-2026-087,Bastidor máquina envasadora,2026-09-25,REF-009,3
OP-2026-087,Bastidor máquina envasadora,2026-09-25,REF-010,1
OP-2026-087,Bastidor máquina envasadora,2026-09-25,REF-011,6
OP-2026-087,Bastidor máquina envasadora,2026-09-25,REF-006,4
OP-2026-087,Bastidor máquina envasadora,2026-09-25,REF-069,2
OP-2026-088,Cinta transportadora L=6m,2026-09-28,REF-030,32
OP-2026-088,Cinta transportadora L=6m,2026-09-28,REF-002,12
OP-2026-088,Cinta transportadora L=6m,2026-09-28,REF-067,18
OP-2026-088,Cinta transportadora L=6m,2026-09-28,REF-016,8
OP-2026-088,Cinta transportadora L=6m,2026-09-28,REF-086,6
OP-2026-088,Cinta transportadora L=6m,2026-09-28,REF-087,4
OP-2026-088,Cinta transportadora L=6m,2026-09-28,REF-020,2
OP-2026-088,Cinta transportadora L=6m,2026-09-28,REF-021,1
OP-2026-088,Cinta transportadora L=6m,2026-09-28,REF-050,4
OP-2026-088,Cinta transportadora L=6m,2026-09-28,REF-051,2
OP-2026-088,Cinta transportadora L=6m,2026-09-28,REF-022,3
OP-2026-088,Cinta transportadora L=6m,2026-09-28,REF-024,25
OP-2026-089,Mesa elevadora hidráulica,2026-10-02,REF-061,4
OP-2026-089,Mesa elevadora hidráulica,2026-10-02,REF-062,2
OP-2026-089,Mesa elevadora hidráulica,2026-10-02,REF-028,6
OP-2026-089,Mesa elevadora hidráulica,2026-10-02,REF-047,4
OP-2026-089,Mesa elevadora hidráulica,2026-10-02,REF-046,2
OP-2026-089,Mesa elevadora hidráulica,2026-10-02,REF-089,2
OP-2026-089,Mesa elevadora hidráulica,2026-10-02,REF-009,4
OP-2026-089,Mesa elevadora hidráulica,2026-10-02,REF-010,2
OP-2026-089,Mesa elevadora hidráulica,2026-10-02,REF-011,4
OP-2026-089,Mesa elevadora hidráulica,2026-10-02,REF-012,4
OP-2026-089,Mesa elevadora hidráulica,2026-10-02,REF-003,80
OP-2026-089,Mesa elevadora hidráulica,2026-10-02,REF-004,80
OP-2026-090,Silo almacenamiento 5m³,2026-10-05,REF-001,12
OP-2026-090,Silo almacenamiento 5m³,2026-10-05,REF-029,8
OP-2026-090,Silo almacenamiento 5m³,2026-10-05,REF-066,10
OP-2026-090,Silo almacenamiento 5m³,2026-10-05,REF-067,14
OP-2026-090,Silo almacenamiento 5m³,2026-10-05,REF-008,8
OP-2026-090,Silo almacenamiento 5m³,2026-10-05,REF-009,5
OP-2026-090,Silo almacenamiento 5m³,2026-10-05,REF-010,2
OP-2026-090,Silo almacenamiento 5m³,2026-10-05,REF-006,8
OP-2026-090,Silo almacenamiento 5m³,2026-10-05,REF-069,3
OP-2026-090,Silo almacenamiento 5m³,2026-10-05,REF-070,2
OP-2026-090,Silo almacenamiento 5m³,2026-10-05,REF-003,200
OP-2026-090,Silo almacenamiento 5m³,2026-10-05,REF-038,150
OP-2026-091,Estructura plataforma acceso,2026-10-08,REF-027,14
OP-2026-091,Estructura plataforma acceso,2026-10-08,REF-028,10
OP-2026-091,Estructura plataforma acceso,2026-10-08,REF-067,20
OP-2026-091,Estructura plataforma acceso,2026-10-08,REF-128,6
OP-2026-091,Estructura plataforma acceso,2026-10-08,REF-061,3
OP-2026-091,Estructura plataforma acceso,2026-10-08,REF-008,6
OP-2026-091,Estructura plataforma acceso,2026-10-08,REF-009,4
OP-2026-091,Estructura plataforma acceso,2026-10-08,REF-010,1
OP-2026-091,Estructura plataforma acceso,2026-10-08,REF-011,8
OP-2026-091,Estructura plataforma acceso,2026-10-08,REF-006,6
OP-2026-091,Estructura plataforma acceso,2026-10-08,REF-069,4
OP-2026-092,Cuadro eléctrico control,2026-10-10,REF-022,8
OP-2026-092,Cuadro eléctrico control,2026-10-10,REF-023,6
OP-2026-092,Cuadro eléctrico control,2026-10-10,REF-053,1
OP-2026-092,Cuadro eléctrico control,2026-10-10,REF-054,1
OP-2026-092,Cuadro eléctrico control,2026-10-10,REF-055,2
OP-2026-092,Cuadro eléctrico control,2026-10-10,REF-056,12
OP-2026-092,Cuadro eléctrico control,2026-10-10,REF-057,3
OP-2026-092,Cuadro eléctrico control,2026-10-10,REF-058,40
OP-2026-092,Cuadro eléctrico control,2026-10-10,REF-059,8
OP-2026-092,Cuadro eléctrico control,2026-10-10,REF-060,4
OP-2026-092,Cuadro eléctrico control,2026-10-10,REF-024,50
OP-2026-092,Cuadro eléctrico control,2026-10-10,REF-099,30
OP-2026-093,Bancada torno CNC,2026-10-12,REF-063,6
OP-2026-093,Bancada torno CNC,2026-10-12,REF-065,8
OP-2026-093,Bancada torno CNC,2026-10-12,REF-064,12
OP-2026-093,Bancada torno CNC,2026-10-12,REF-082,4
OP-2026-093,Bancada torno CNC,2026-10-12,REF-083,2
OP-2026-093,Bancada torno CNC,2026-10-12,REF-084,2
OP-2026-093,Bancada torno CNC,2026-10-12,REF-085,2
OP-2026-093,Bancada torno CNC,2026-10-12,REF-015,12
OP-2026-093,Bancada torno CNC,2026-10-12,REF-013,4
OP-2026-093,Bancada torno CNC,2026-10-12,REF-014,2
OP-2026-094,Puerta corredera nave,2026-10-15,REF-029,6
OP-2026-094,Puerta corredera nave,2026-10-15,REF-030,20
OP-2026-094,Puerta corredera nave,2026-10-15,REF-041,8
OP-2026-094,Puerta corredera nave,2026-10-15,REF-042,2
OP-2026-094,Puerta corredera nave,2026-10-15,REF-043,2
OP-2026-094,Puerta corredera nave,2026-10-15,REF-016,4
OP-2026-094,Puerta corredera nave,2026-10-15,REF-018,2
OP-2026-094,Puerta corredera nave,2026-10-15,REF-044,4
OP-2026-094,Puerta corredera nave,2026-10-15,REF-003,60
OP-2026-094,Puerta corredera nave,2026-10-15,REF-006,3
