obligacion,fecha_limite,fecha_presentacion,dias_margen,resultado
IVA 4T 2025 (Modelo 303),2026-01-30,2026-01-15,15,A tiempo
Retenciones 4T 2025 (Modelo 111),2026-01-20,2026-01-20,0,A tiempo
Retenciones alquileres (Modelo 115),2026-01-20,2026-01-22,-2,A tiempo (plazo ampliado web)
Alta empleado J. Peña,2026-02-10,2026-02-05,5,A tiempo
Modelo 347 operaciones terceros,2026-02-28,2026-02-10,18,A tiempo
Resumen anual IVA (Modelo 390),2026-01-30,2026-02-15,-16,Presentado complementario
Resumen anual retenciones (Modelo 190),2026-01-31,2026-02-18,-18,Presentado complementario
Modificación contrato indefinido,2026-03-10,2026-03-05,5,A tiempo
Retenciones 1T 2026 (Modelo 111),2026-04-20,2026-03-20,31,A tiempo
Retenciones alquileres 1T (Modelo 115),2026-04-20,2026-03-22,29,A tiempo
IVA 1T 2026 (Modelo 303),2026-04-20,2026-03-30,21,A tiempo
Sanciones recibidas,-,-,-,0 sanciones en el trimestre
