canal;producto;unidades_vendidas;precio_unitario_eur;facturacion_eur;mes
Supermercado;Conserva tomate 400g;12000;1.85;22200;2025-01
Supermercado;Conserva tomate 400g;11500;1.85;21275;2025-02
Supermercado;Conserva tomate 400g;13200;1.85;24420;2025-03
Supermercado;Conserva pimiento 300g;8500;2.10;17850;2025-01
Supermercado;Conserva pimiento 300g;8200;2.10;17220;2025-02
Supermercado;Conserva pimiento 300g;9100;2.10;19110;2025-03
Supermercado;Aceite oliva 500ml;6000;4.50;27000;2025-01
Supermercado;Aceite oliva 500ml;5800;4.50;26100;2025-02
Supermercado;Aceite oliva 500ml;6500;4.50;29250;2025-03
Hostelería;Conserva tomate 2.5kg;3200;4.20;13440;2025-01
Hostelería;Conserva tomate 2.5kg;3500;4.20;14700;2025-02
Hostelería;Conserva tomate 2.5kg;3800;4.20;15960;2025-03
Hostelería;Conserva pimiento 2kg;2100;5.50;11550;2025-01
Hostelería;Conserva pimiento 2kg;2300;5.50;12650;2025-02
Hostelería;Conserva pimiento 2kg;2500;5.50;13750;2025-03
Hostelería;Aceite oliva 5L;900;22.00;19800;2025-01
Hostelería;Aceite oliva 5L;950;22.00;20900;2025-02
Hostelería;Aceite oliva 5L;1050;22.00;23100;2025-03
Exportación;Conserva tomate 400g;5500;2.30;12650;2025-01
Exportación;Conserva tomate 400g;4800;2.30;11040;2025-02
Exportación;Conserva tomate 400g;6200;2.30;14260;2025-03
Exportación;Conserva pimiento 300g;3800;2.80;10640;2025-01
Exportación;Conserva pimiento 300g;3500;2.80;9800;2025-02
Exportación;Conserva pimiento 300g;4200;2.80;11760;2025-03
Exportación;Aceite oliva 500ml;2200;5.20;11440;2025-01
Exportación;Aceite oliva 500ml;2000;5.20;10400;2025-02
Exportación;Aceite oliva 500ml;2500;5.20;13000;2025-03
