concepto,importe,fecha_pago,recurrente
Nóminas equipo (8 personas),18500.00,2026-08-01,sí
Seguridad Social,6200.00,2026-08-02,sí
Alquiler oficina,2100.00,2026-08-01,sí
Autónomos gerente,380.00,2026-08-01,sí
Gestoría,450.00,2026-08-05,sí
Seguro RC profesional,1200.00,2026-08-10,no
Proveedor hosting + cloud,680.00,2026-08-15,sí
Proveedor Z - licencias software,3200.00,2026-08-18,no
IVA trimestral (3T estimado),8900.00,2026-08-20,no
Nóminas equipo (8 personas),18500.00,2026-09-01,sí
Seguridad Social,6200.00,2026-09-02,sí
Alquiler oficina,2100.00,2026-09-01,sí
Autónomos gerente,380.00,2026-09-01,sí
Gestoría,450.00,2026-09-05,sí
Proveedor hosting + cloud,680.00,2026-09-15,sí
Nóminas equipo (8 personas),18500.00,2026-10-01,sí
Seguridad Social,6200.00,2026-10-02,sí
Alquiler oficina,2100.00,2026-10-01,sí
Autónomos gerente,380.00,2026-10-01,sí
Gestoría,450.00,2026-10-05,sí
Proveedor hosting + cloud,680.00,2026-10-15,sí
