referencia,canal,tasa_merma_pct
Tomate triturado 400g,Gran distribución,2.2
Tomate frito 400g,Gran distribución,3.6
Pimiento piquillo 200g,Gran distribución,2.0
Alcachofa corazones 400g,Gran distribución,4.2
Espárrago blanco 345g,Gran distribución,2.9
Judía verde 400g,Gran distribución,2.9
Mermelada melocotón 350g,Gran distribución,1.9
Mermelada fresa 350g,Gran distribución,3.9
Aceitunas rellenas 350g,Gran distribución,3.9
Aceitunas negras 350g,Gran distribución,2.9
Gazpacho 1L,Gran distribución,3.6
Salmorejo 1L,Gran distribución,4.5
Sofrito casero 350g,Gran distribución,3.6
Pisto 400g,Gran distribución,4.0
Menestra verduras 400g,Gran distribución,3.5
