Empleado,Cliente,Horas_Mes,Mes
Marta López,Distribuciones Levante,40,2025-06
Carlos Ruiz,Distribuciones Levante,25,2025-06
Lucía Vega,Distribuciones Levante,15,2025-06
Carlos Ruiz,Logística Ibérica,45,2025-06
Ana Ferrer,Logística Ibérica,38,2025-06
David Roca,Logística Ibérica,30,2025-06
Lucía Vega,Logística Ibérica,15,2025-06
Marta López,Talleres Martín,20,2025-06
David Roca,Talleres Martín,10,2025-06
Ana Ferrer,Grupo Alimenta,25,2025-06
Lucía Vega,Grupo Alimenta,20,2025-06
Carlos Ruiz,Obras del Sur,15,2025-06
David Roca,Obras del Sur,10,2025-06
Marta López,Textil Noroeste,30,2025-06
Ana Ferrer,Textil Noroeste,12,2025-06
Lucía Vega,Cerámicas Prado,18,2025-06
Pedro Sala,Cerámicas Prado,10,2025-06
Pedro Sala,Transportes Roca,22,2025-06
David Roca,Transportes Roca,8,2025-06
